--insert regions

Insert into REGIONS (REGION_ID,REGION_NAME) values (1,'Europe');
Insert into REGIONS (REGION_ID,REGION_NAME) values (2,'Americas');
Insert into REGIONS (REGION_ID,REGION_NAME) values (3,'Asia');
Insert into REGIONS (REGION_ID,REGION_NAME) values (4,'Middle East and Africa');

--countries
Insert into COUNTRIES (COUNTRY_ID,COUNTRY_NAME,REGION_ID) values ('AR','Argentina',2);
Insert into COUNTRIES (COUNTRY_ID,COUNTRY_NAME,REGION_ID) values ('AU','Australia',3);
Insert into COUNTRIES (COUNTRY_ID,COUNTRY_NAME,REGION_ID) values ('BE','Belgium',1);
Insert into COUNTRIES (COUNTRY_ID,COUNTRY_NAME,REGION_ID) values ('BR','Brazil',2);
Insert into COUNTRIES (COUNTRY_ID,COUNTRY_NAME,REGION_ID) values ('CA','Canada',2);
Insert into COUNTRIES (COUNTRY_ID,COUNTRY_NAME,REGION_ID) values ('CH','Switzerland',1);
Insert into COUNTRIES (COUNTRY_ID,COUNTRY_NAME,REGION_ID) values ('CN','China',3);
Insert into COUNTRIES (COUNTRY_ID,COUNTRY_NAME,REGION_ID) values ('DE','Germany',1);
Insert into COUNTRIES (COUNTRY_ID,COUNTRY_NAME,REGION_ID) values ('DK','Denmark',1);
Insert into COUNTRIES (COUNTRY_ID,COUNTRY_NAME,REGION_ID) values ('EG','Egypt',4);
Insert into COUNTRIES (COUNTRY_ID,COUNTRY_NAME,REGION_ID) values ('FR','France',1);
Insert into COUNTRIES (COUNTRY_ID,COUNTRY_NAME,REGION_ID) values ('IL','Israel',4);
Insert into COUNTRIES (COUNTRY_ID,COUNTRY_NAME,REGION_ID) values ('IN','India',3);
Insert into COUNTRIES (COUNTRY_ID,COUNTRY_NAME,REGION_ID) values ('IT','Italy',1);
Insert into COUNTRIES (COUNTRY_ID,COUNTRY_NAME,REGION_ID) values ('JP','Japan',3);
Insert into COUNTRIES (COUNTRY_ID,COUNTRY_NAME,REGION_ID) values ('KW','Kuwait',4);
Insert into COUNTRIES (COUNTRY_ID,COUNTRY_NAME,REGION_ID) values ('ML','Malaysia',3);
Insert into COUNTRIES (COUNTRY_ID,COUNTRY_NAME,REGION_ID) values ('MX','Mexico',2);
Insert into COUNTRIES (COUNTRY_ID,COUNTRY_NAME,REGION_ID) values ('NG','Nigeria',4);
Insert into COUNTRIES (COUNTRY_ID,COUNTRY_NAME,REGION_ID) values ('NL','Netherlands',1);
Insert into COUNTRIES (COUNTRY_ID,COUNTRY_NAME,REGION_ID) values ('SG','Singapore',3);
Insert into COUNTRIES (COUNTRY_ID,COUNTRY_NAME,REGION_ID) values ('UK','United Kingdom',1);
Insert into COUNTRIES (COUNTRY_ID,COUNTRY_NAME,REGION_ID) values ('US','United States of America',2);
Insert into COUNTRIES (COUNTRY_ID,COUNTRY_NAME,REGION_ID) values ('ZM','Zambia',4);
Insert into COUNTRIES (COUNTRY_ID,COUNTRY_NAME,REGION_ID) values ('ZW','Zimbabwe',4);

--locations
Insert into LOCATIONS (LOCATION_ID,ADDRESS,POSTAL_CODE,CITY,STATE,COUNTRY_ID) values (1,'1297 Via Cola di Rie','00989','Roma',null,'IT');
Insert into LOCATIONS (LOCATION_ID,ADDRESS,POSTAL_CODE,CITY,STATE,COUNTRY_ID) values (2,'93091 Calle della Testa','10934','Venice',null,'IT');
Insert into LOCATIONS (LOCATION_ID,ADDRESS,POSTAL_CODE,CITY,STATE,COUNTRY_ID) values (3,'2017 Shinjuku-ku','1689','Tokyo','Tokyo Prefecture','JP');
Insert into LOCATIONS (LOCATION_ID,ADDRESS,POSTAL_CODE,CITY,STATE,COUNTRY_ID) values (4,'9450 Kamiya-cho','6823','Hiroshima',null,'JP');
Insert into LOCATIONS (LOCATION_ID,ADDRESS,POSTAL_CODE,CITY,STATE,COUNTRY_ID) values (5,'2014 Jabberwocky Rd','26192','Southlake','Texas','US');
Insert into LOCATIONS (LOCATION_ID,ADDRESS,POSTAL_CODE,CITY,STATE,COUNTRY_ID) values (6,'2011 Interiors Blvd','99236','South San Francisco','California','US');
Insert into LOCATIONS (LOCATION_ID,ADDRESS,POSTAL_CODE,CITY,STATE,COUNTRY_ID) values (7,'2007 Zagora St','50090','South Brunswick','New Jersey','US');
Insert into LOCATIONS (LOCATION_ID,ADDRESS,POSTAL_CODE,CITY,STATE,COUNTRY_ID) values (8,'2004 Charade Rd','98199','Seattle','Washington','US');
Insert into LOCATIONS (LOCATION_ID,ADDRESS,POSTAL_CODE,CITY,STATE,COUNTRY_ID) values (9,'147 Spadina Ave','M5V 2L7','Toronto','Ontario','CA');
Insert into LOCATIONS (LOCATION_ID,ADDRESS,POSTAL_CODE,CITY,STATE,COUNTRY_ID) values (10,'6092 Boxwood St','YSW 9T2','Whitehorse','Yukon','CA');
Insert into LOCATIONS (LOCATION_ID,ADDRESS,POSTAL_CODE,CITY,STATE,COUNTRY_ID) values (11,'40-5-12 Laogianggen','190518','Beijing',null,'CN');
Insert into LOCATIONS (LOCATION_ID,ADDRESS,POSTAL_CODE,CITY,STATE,COUNTRY_ID) values (12,'1298 Vileparle (E)','490231','Bombay','Maharashtra','IN');
Insert into LOCATIONS (LOCATION_ID,ADDRESS,POSTAL_CODE,CITY,STATE,COUNTRY_ID) values (13,'12-98 Victoria Street','2901','Sydney','New South Wales','AU');
Insert into LOCATIONS (LOCATION_ID,ADDRESS,POSTAL_CODE,CITY,STATE,COUNTRY_ID) values (14,'198 Clementi North','540198','Singapore',null,'SG');
Insert into LOCATIONS (LOCATION_ID,ADDRESS,POSTAL_CODE,CITY,STATE,COUNTRY_ID) values (15,'8204 Arthur St',null,'London',null,'UK');
Insert into LOCATIONS (LOCATION_ID,ADDRESS,POSTAL_CODE,CITY,STATE,COUNTRY_ID) values (16,'Magdalen Centre, The Oxford Science Park','OX9 9ZB','Oxford','Oxford','UK');
Insert into LOCATIONS (LOCATION_ID,ADDRESS,POSTAL_CODE,CITY,STATE,COUNTRY_ID) values (17,'9702 Chester Road','09629850293','Stretford','Manchester','UK');
Insert into LOCATIONS (LOCATION_ID,ADDRESS,POSTAL_CODE,CITY,STATE,COUNTRY_ID) values (18,'Schwanthalerstr. 7031','80925','Munich','Bavaria','DE');
Insert into LOCATIONS (LOCATION_ID,ADDRESS,POSTAL_CODE,CITY,STATE,COUNTRY_ID) values (19,'Rua Frei Caneca 1360 ','01307-002','Sao Paulo','Sao Paulo','BR');
Insert into LOCATIONS (LOCATION_ID,ADDRESS,POSTAL_CODE,CITY,STATE,COUNTRY_ID) values (20,'20 Rue des Corps-Saints','1730','Geneva','Geneve','CH');
Insert into LOCATIONS (LOCATION_ID,ADDRESS,POSTAL_CODE,CITY,STATE,COUNTRY_ID) values (21,'Murtenstrasse 921','3095','Bern','BE','CH');
Insert into LOCATIONS (LOCATION_ID,ADDRESS,POSTAL_CODE,CITY,STATE,COUNTRY_ID) values (22,'Pieter Breughelstraat 837','3029SK','Utrecht','Utrecht','NL');
Insert into LOCATIONS (LOCATION_ID,ADDRESS,POSTAL_CODE,CITY,STATE,COUNTRY_ID) values (23,'Mariano Escobedo 9991','11932','Mexico City','Distrito Federal,','MX');

--warehouse
Insert into WAREHOUSES (WAREHOUSE_ID,WAREHOUSE_NAME,LOCATION_ID) values (1,'Southlake, Texas',5);
Insert into WAREHOUSES (WAREHOUSE_ID,WAREHOUSE_NAME,LOCATION_ID) values (2,'San Francisco',6);
Insert into WAREHOUSES (WAREHOUSE_ID,WAREHOUSE_NAME,LOCATION_ID) values (3,'New Jersey',7);
Insert into WAREHOUSES (WAREHOUSE_ID,WAREHOUSE_NAME,LOCATION_ID) values (4,'Seattle, Washington',8);
Insert into WAREHOUSES (WAREHOUSE_ID,WAREHOUSE_NAME,LOCATION_ID) values (5,'Toronto',9);
Insert into WAREHOUSES (WAREHOUSE_ID,WAREHOUSE_NAME,LOCATION_ID) values (6,'Sydney',13);
Insert into WAREHOUSES (WAREHOUSE_ID,WAREHOUSE_NAME,LOCATION_ID) values (7,'Mexico City',23);
Insert into WAREHOUSES (WAREHOUSE_ID,WAREHOUSE_NAME,LOCATION_ID) values (8,'Beijing',11);
Insert into WAREHOUSES (WAREHOUSE_ID,WAREHOUSE_NAME,LOCATION_ID) values (9,'Bombay',12);

--employees
Insert into EMPLOYEES (EMPLOYEE_ID,FIRST_NAME,LAST_NAME,EMAIL,PHONE,HIRE_DATE,MANAGER_ID,JOB_TITLE) values (1,'Tommy','Bailey','tommy.bailey@example.com','515.123.4567',to_date('17-JUN-16','DD-MON-RR'),null,'President');
Insert into EMPLOYEES (EMPLOYEE_ID,FIRST_NAME,LAST_NAME,EMAIL,PHONE,HIRE_DATE,MANAGER_ID,JOB_TITLE) values (2,'Jude','Rivera','jude.rivera@example.com','515.123.4568',to_date('21-SEP-16','DD-MON-RR'),1,'Administration Vice President');
Insert into EMPLOYEES (EMPLOYEE_ID,FIRST_NAME,LAST_NAME,EMAIL,PHONE,HIRE_DATE,MANAGER_ID,JOB_TITLE) values (3,'Blake','Cooper','blake.cooper@example.com','515.123.4569',to_date('13-JAN-16','DD-MON-RR'),1,'Administration Vice President');
Insert into EMPLOYEES (EMPLOYEE_ID,FIRST_NAME,LAST_NAME,EMAIL,PHONE,HIRE_DATE,MANAGER_ID,JOB_TITLE) values (4,'Louie','Richardson','louie.richardson@example.com','590.423.4567',to_date('03-JAN-16','DD-MON-RR'),3,'Programmer');
Insert into EMPLOYEES (EMPLOYEE_ID,FIRST_NAME,LAST_NAME,EMAIL,PHONE,HIRE_DATE,MANAGER_ID,JOB_TITLE) values (5,'Nathan','Cox','nathan.cox@example.com','590.423.4568',to_date('21-MAY-16','DD-MON-RR'),4,'Programmer');
Insert into EMPLOYEES (EMPLOYEE_ID,FIRST_NAME,LAST_NAME,EMAIL,PHONE,HIRE_DATE,MANAGER_ID,JOB_TITLE) values (6,'Gabriel','Howard','gabriel.howard@example.com','590.423.4569',to_date('25-JUN-16','DD-MON-RR'),4,'Programmer');
Insert into EMPLOYEES (EMPLOYEE_ID,FIRST_NAME,LAST_NAME,EMAIL,PHONE,HIRE_DATE,MANAGER_ID,JOB_TITLE) values (7,'Charles','Ward','charles.ward@example.com','590.423.4560',to_date('05-FEB-16','DD-MON-RR'),4,'Programmer');
Insert into EMPLOYEES (EMPLOYEE_ID,FIRST_NAME,LAST_NAME,EMAIL,PHONE,HIRE_DATE,MANAGER_ID,JOB_TITLE) values (8,'Bobby','Torres','bobby.torres@example.com','590.423.5567',to_date('07-FEB-16','DD-MON-RR'),4,'Programmer');
Insert into EMPLOYEES (EMPLOYEE_ID,FIRST_NAME,LAST_NAME,EMAIL,PHONE,HIRE_DATE,MANAGER_ID,JOB_TITLE) values (9,'Mohammad','Peterson','mohammad.peterson@example.com','515.124.4569',to_date('17-AUG-16','DD-MON-RR'),2,'Finance Manager');
Insert into EMPLOYEES (EMPLOYEE_ID,FIRST_NAME,LAST_NAME,EMAIL,PHONE,HIRE_DATE,MANAGER_ID,JOB_TITLE) values (10,'Ryan','Gray','ryan.gray@example.com','515.124.4169',to_date('16-AUG-16','DD-MON-RR'),9,'Accountant');
Insert into EMPLOYEES (EMPLOYEE_ID,FIRST_NAME,LAST_NAME,EMAIL,PHONE,HIRE_DATE,MANAGER_ID,JOB_TITLE) values (11,'Tyler','Ramirez','tyler.ramirez@example.com','515.124.4269',to_date('28-SEP-16','DD-MON-RR'),9,'Accountant');
Insert into EMPLOYEES (EMPLOYEE_ID,FIRST_NAME,LAST_NAME,EMAIL,PHONE,HIRE_DATE,MANAGER_ID,JOB_TITLE) values (12,'Elliott','James','elliott.james@example.com','515.124.4369',to_date('30-SEP-16','DD-MON-RR'),9,'Accountant');
Insert into EMPLOYEES (EMPLOYEE_ID,FIRST_NAME,LAST_NAME,EMAIL,PHONE,HIRE_DATE,MANAGER_ID,JOB_TITLE) values (13,'Albert','Watson','albert.watson@example.com','515.124.4469',to_date('07-MAR-16','DD-MON-RR'),9,'Accountant');
Insert into EMPLOYEES (EMPLOYEE_ID,FIRST_NAME,LAST_NAME,EMAIL,PHONE,HIRE_DATE,MANAGER_ID,JOB_TITLE) values (14,'Elliot','Brooks','elliot.brooks@example.com','515.124.4567',to_date('07-DEC-16','DD-MON-RR'),9,'Accountant');
Insert into EMPLOYEES (EMPLOYEE_ID,FIRST_NAME,LAST_NAME,EMAIL,PHONE,HIRE_DATE,MANAGER_ID,JOB_TITLE) values (15,'Rory','Kelly','rory.kelly@example.com','515.127.4561',to_date('07-DEC-16','DD-MON-RR'),1,'Purchasing Manager');
Insert into EMPLOYEES (EMPLOYEE_ID,FIRST_NAME,LAST_NAME,EMAIL,PHONE,HIRE_DATE,MANAGER_ID,JOB_TITLE) values (16,'Alex','Sanders','alex.sanders@example.com','515.127.4562',to_date('18-MAY-16','DD-MON-RR'),15,'Purchasing Clerk');
Insert into EMPLOYEES (EMPLOYEE_ID,FIRST_NAME,LAST_NAME,EMAIL,PHONE,HIRE_DATE,MANAGER_ID,JOB_TITLE) values (17,'Frederick','Price','frederick.price@example.com','515.127.4563',to_date('24-DEC-16','DD-MON-RR'),15,'Purchasing Clerk');
Insert into EMPLOYEES (EMPLOYEE_ID,FIRST_NAME,LAST_NAME,EMAIL,PHONE,HIRE_DATE,MANAGER_ID,JOB_TITLE) values (18,'Ollie','Bennett','ollie.bennett@example.com','515.127.4564',to_date('24-JUL-16','DD-MON-RR'),15,'Purchasing Clerk');
Insert into EMPLOYEES (EMPLOYEE_ID,FIRST_NAME,LAST_NAME,EMAIL,PHONE,HIRE_DATE,MANAGER_ID,JOB_TITLE) values (19,'Louis','Wood','louis.wood@example.com','515.127.4565',to_date('15-NOV-16','DD-MON-RR'),15,'Purchasing Clerk');
Insert into EMPLOYEES (EMPLOYEE_ID,FIRST_NAME,LAST_NAME,EMAIL,PHONE,HIRE_DATE,MANAGER_ID,JOB_TITLE) values (20,'Dexter','Barnes','dexter.barnes@example.com','515.127.4566',to_date('10-AUG-16','DD-MON-RR'),15,'Purchasing Clerk');
Insert into EMPLOYEES (EMPLOYEE_ID,FIRST_NAME,LAST_NAME,EMAIL,PHONE,HIRE_DATE,MANAGER_ID,JOB_TITLE) values (21,'Jaxon','Ross','jaxon.ross@example.com','650.123.1234',to_date('18-JUL-16','DD-MON-RR'),1,'Stock Manager');
Insert into EMPLOYEES (EMPLOYEE_ID,FIRST_NAME,LAST_NAME,EMAIL,PHONE,HIRE_DATE,MANAGER_ID,JOB_TITLE) values (22,'Liam','Henderson','liam.henderson@example.com','650.123.2234',to_date('10-APR-16','DD-MON-RR'),1,'Stock Manager');
Insert into EMPLOYEES (EMPLOYEE_ID,FIRST_NAME,LAST_NAME,EMAIL,PHONE,HIRE_DATE,MANAGER_ID,JOB_TITLE) values (23,'Jackson','Coleman','jackson.coleman@example.com','650.123.3234',to_date('01-MAY-16','DD-MON-RR'),1,'Stock Manager');
Insert into EMPLOYEES (EMPLOYEE_ID,FIRST_NAME,LAST_NAME,EMAIL,PHONE,HIRE_DATE,MANAGER_ID,JOB_TITLE) values (24,'Callum','Jenkins','callum.jenkins@example.com','650.123.4234',to_date('10-OCT-16','DD-MON-RR'),1,'Stock Manager');
Insert into EMPLOYEES (EMPLOYEE_ID,FIRST_NAME,LAST_NAME,EMAIL,PHONE,HIRE_DATE,MANAGER_ID,JOB_TITLE) values (25,'Ronnie','Perry','ronnie.perry@example.com','650.123.5234',to_date('16-NOV-16','DD-MON-RR'),1,'Stock Manager');
Insert into EMPLOYEES (EMPLOYEE_ID,FIRST_NAME,LAST_NAME,EMAIL,PHONE,HIRE_DATE,MANAGER_ID,JOB_TITLE) values (26,'Leon','Powell','leon.powell@example.com','650.124.1214',to_date('16-JUL-16','DD-MON-RR'),21,'Stock Clerk');
Insert into EMPLOYEES (EMPLOYEE_ID,FIRST_NAME,LAST_NAME,EMAIL,PHONE,HIRE_DATE,MANAGER_ID,JOB_TITLE) values (27,'Kai','Long','kai.long@example.com','650.124.1224',to_date('28-SEP-16','DD-MON-RR'),21,'Stock Clerk');
Insert into EMPLOYEES (EMPLOYEE_ID,FIRST_NAME,LAST_NAME,EMAIL,PHONE,HIRE_DATE,MANAGER_ID,JOB_TITLE) values (28,'Aaron','Patterson','aaron.patterson@example.com','650.124.1334',to_date('14-JAN-16','DD-MON-RR'),21,'Stock Clerk');
Insert into EMPLOYEES (EMPLOYEE_ID,FIRST_NAME,LAST_NAME,EMAIL,PHONE,HIRE_DATE,MANAGER_ID,JOB_TITLE) values (29,'Roman','Hughes','roman.hughes@example.com','650.124.1434',to_date('08-MAR-16','DD-MON-RR'),21,'Stock Clerk');
Insert into EMPLOYEES (EMPLOYEE_ID,FIRST_NAME,LAST_NAME,EMAIL,PHONE,HIRE_DATE,MANAGER_ID,JOB_TITLE) values (30,'Austin','Flores','austin.flores@example.com','650.124.5234',to_date('20-AUG-16','DD-MON-RR'),22,'Stock Clerk');
Insert into EMPLOYEES (EMPLOYEE_ID,FIRST_NAME,LAST_NAME,EMAIL,PHONE,HIRE_DATE,MANAGER_ID,JOB_TITLE) values (31,'Ellis','Washington','ellis.washington@example.com','650.124.6234',to_date('30-OCT-16','DD-MON-RR'),22,'Stock Clerk');
Insert into EMPLOYEES (EMPLOYEE_ID,FIRST_NAME,LAST_NAME,EMAIL,PHONE,HIRE_DATE,MANAGER_ID,JOB_TITLE) values (32,'Jamie','Butler','jamie.butler@example.com','650.124.7234',to_date('16-FEB-16','DD-MON-RR'),22,'Stock Clerk');
Insert into EMPLOYEES (EMPLOYEE_ID,FIRST_NAME,LAST_NAME,EMAIL,PHONE,HIRE_DATE,MANAGER_ID,JOB_TITLE) values (33,'Reggie','Simmons','reggie.simmons@example.com','650.124.8234',to_date('10-APR-16','DD-MON-RR'),22,'Stock Clerk');
Insert into EMPLOYEES (EMPLOYEE_ID,FIRST_NAME,LAST_NAME,EMAIL,PHONE,HIRE_DATE,MANAGER_ID,JOB_TITLE) values (34,'Seth','Foster','seth.foster@example.com','650.127.1934',to_date('14-JUN-16','DD-MON-RR'),23,'Stock Clerk');
Insert into EMPLOYEES (EMPLOYEE_ID,FIRST_NAME,LAST_NAME,EMAIL,PHONE,HIRE_DATE,MANAGER_ID,JOB_TITLE) values (35,'Carter','Gonzales','carter.gonzales@example.com','650.127.1834',to_date('26-AUG-16','DD-MON-RR'),23,'Stock Clerk');
Insert into EMPLOYEES (EMPLOYEE_ID,FIRST_NAME,LAST_NAME,EMAIL,PHONE,HIRE_DATE,MANAGER_ID,JOB_TITLE) values (36,'Felix','Bryant','felix.bryant@example.com','650.127.1734',to_date('12-DEC-16','DD-MON-RR'),23,'Stock Clerk');
Insert into EMPLOYEES (EMPLOYEE_ID,FIRST_NAME,LAST_NAME,EMAIL,PHONE,HIRE_DATE,MANAGER_ID,JOB_TITLE) values (37,'Ibrahim','Alexander','ibrahim.alexander@example.com','650.127.1634',to_date('06-FEB-16','DD-MON-RR'),23,'Stock Clerk');
Insert into EMPLOYEES (EMPLOYEE_ID,FIRST_NAME,LAST_NAME,EMAIL,PHONE,HIRE_DATE,MANAGER_ID,JOB_TITLE) values (38,'Sonny','Russell','sonny.russell@example.com','650.121.1234',to_date('14-JUL-16','DD-MON-RR'),24,'Stock Clerk');
Insert into EMPLOYEES (EMPLOYEE_ID,FIRST_NAME,LAST_NAME,EMAIL,PHONE,HIRE_DATE,MANAGER_ID,JOB_TITLE) values (39,'Kian','Griffin','kian.griffin@example.com','650.121.2034',to_date('26-OCT-16','DD-MON-RR'),24,'Stock Clerk');
Insert into EMPLOYEES (EMPLOYEE_ID,FIRST_NAME,LAST_NAME,EMAIL,PHONE,HIRE_DATE,MANAGER_ID,JOB_TITLE) values (40,'Caleb','Diaz','caleb.diaz@example.com','650.121.2019',to_date('12-FEB-16','DD-MON-RR'),24,'Stock Clerk');
Insert into EMPLOYEES (EMPLOYEE_ID,FIRST_NAME,LAST_NAME,EMAIL,PHONE,HIRE_DATE,MANAGER_ID,JOB_TITLE) values (41,'Connor','Hayes','connor.hayes@example.com','650.121.1834',to_date('06-APR-16','DD-MON-RR'),24,'Stock Clerk');
Insert into EMPLOYEES (EMPLOYEE_ID,FIRST_NAME,LAST_NAME,EMAIL,PHONE,HIRE_DATE,MANAGER_ID,JOB_TITLE) values (42,'Amelia','Myers','amelia.myers@example.com','650.121.8009',to_date('17-OCT-16','DD-MON-RR'),25,'Stock Clerk');
Insert into EMPLOYEES (EMPLOYEE_ID,FIRST_NAME,LAST_NAME,EMAIL,PHONE,HIRE_DATE,MANAGER_ID,JOB_TITLE) values (43,'Olivia','Ford','olivia.ford@example.com','650.121.2994',to_date('29-JAN-16','DD-MON-RR'),25,'Stock Clerk');
Insert into EMPLOYEES (EMPLOYEE_ID,FIRST_NAME,LAST_NAME,EMAIL,PHONE,HIRE_DATE,MANAGER_ID,JOB_TITLE) values (44,'Emily','Hamilton','emily.hamilton@example.com','650.121.2874',to_date('15-MAR-16','DD-MON-RR'),25,'Stock Clerk');
Insert into EMPLOYEES (EMPLOYEE_ID,FIRST_NAME,LAST_NAME,EMAIL,PHONE,HIRE_DATE,MANAGER_ID,JOB_TITLE) values (45,'Isla','Graham','isla.graham@example.com','650.121.2004',to_date('09-JUL-16','DD-MON-RR'),25,'Stock Clerk');
Insert into EMPLOYEES (EMPLOYEE_ID,FIRST_NAME,LAST_NAME,EMAIL,PHONE,HIRE_DATE,MANAGER_ID,JOB_TITLE) values (46,'Ava','Sullivan','ava.sullivan@example.com','011.44.1344.429268',to_date('01-OCT-16','DD-MON-RR'),1,'Sales Manager');
Insert into EMPLOYEES (EMPLOYEE_ID,FIRST_NAME,LAST_NAME,EMAIL,PHONE,HIRE_DATE,MANAGER_ID,JOB_TITLE) values (47,'Ella','Wallace','ella.wallace@example.com','011.44.1344.467268',to_date('05-JAN-16','DD-MON-RR'),1,'Sales Manager');
Insert into EMPLOYEES (EMPLOYEE_ID,FIRST_NAME,LAST_NAME,EMAIL,PHONE,HIRE_DATE,MANAGER_ID,JOB_TITLE) values (48,'Jessica','Woods','jessica.woods@example.com','011.44.1344.429278',to_date('10-MAR-16','DD-MON-RR'),1,'Sales Manager');
Insert into EMPLOYEES (EMPLOYEE_ID,FIRST_NAME,LAST_NAME,EMAIL,PHONE,HIRE_DATE,MANAGER_ID,JOB_TITLE) values (49,'Isabella','Cole','isabella.cole@example.com','011.44.1344.619268',to_date('15-OCT-16','DD-MON-RR'),1,'Sales Manager');
Insert into EMPLOYEES (EMPLOYEE_ID,FIRST_NAME,LAST_NAME,EMAIL,PHONE,HIRE_DATE,MANAGER_ID,JOB_TITLE) values (50,'Mia','West','mia.west@example.com','011.44.1344.429018',to_date('29-JAN-16','DD-MON-RR'),1,'Sales Manager');
Insert into EMPLOYEES (EMPLOYEE_ID,FIRST_NAME,LAST_NAME,EMAIL,PHONE,HIRE_DATE,MANAGER_ID,JOB_TITLE) values (51,'Poppy','Jordan','poppy.jordan@example.com','011.44.1344.129268',to_date('30-JAN-16','DD-MON-RR'),46,'Sales Representative');
Insert into EMPLOYEES (EMPLOYEE_ID,FIRST_NAME,LAST_NAME,EMAIL,PHONE,HIRE_DATE,MANAGER_ID,JOB_TITLE) values (52,'Sophie','Owens','sophie.owens@example.com','011.44.1344.345268',to_date('24-MAR-16','DD-MON-RR'),46,'Sales Representative');
Insert into EMPLOYEES (EMPLOYEE_ID,FIRST_NAME,LAST_NAME,EMAIL,PHONE,HIRE_DATE,MANAGER_ID,JOB_TITLE) values (53,'Sophia','Reynolds','sophia.reynolds@example.com','011.44.1344.478968',to_date('20-AUG-16','DD-MON-RR'),46,'Sales Representative');
Insert into EMPLOYEES (EMPLOYEE_ID,FIRST_NAME,LAST_NAME,EMAIL,PHONE,HIRE_DATE,MANAGER_ID,JOB_TITLE) values (54,'Lily','Fisher','lily.fisher@example.com','011.44.1344.498718',to_date('30-MAR-16','DD-MON-RR'),46,'Sales Representative');
Insert into EMPLOYEES (EMPLOYEE_ID,FIRST_NAME,LAST_NAME,EMAIL,PHONE,HIRE_DATE,MANAGER_ID,JOB_TITLE) values (55,'Grace','Ellis','grace.ellis@example.com','011.44.1344.987668',to_date('09-DEC-16','DD-MON-RR'),46,'Sales Representative');
Insert into EMPLOYEES (EMPLOYEE_ID,FIRST_NAME,LAST_NAME,EMAIL,PHONE,HIRE_DATE,MANAGER_ID,JOB_TITLE) values (56,'Evie','Harrison','evie.harrison@example.com','011.44.1344.486508',to_date('23-NOV-16','DD-MON-RR'),46,'Sales Representative');
Insert into EMPLOYEES (EMPLOYEE_ID,FIRST_NAME,LAST_NAME,EMAIL,PHONE,HIRE_DATE,MANAGER_ID,JOB_TITLE) values (57,'Scarlett','Gibson','scarlett.gibson@example.com','011.44.1345.429268',to_date('30-JAN-16','DD-MON-RR'),47,'Sales Representative');
Insert into EMPLOYEES (EMPLOYEE_ID,FIRST_NAME,LAST_NAME,EMAIL,PHONE,HIRE_DATE,MANAGER_ID,JOB_TITLE) values (58,'Ruby','Mcdonald','ruby.mcdonald@example.com','011.44.1345.929268',to_date('04-MAR-16','DD-MON-RR'),47,'Sales Representative');
Insert into EMPLOYEES (EMPLOYEE_ID,FIRST_NAME,LAST_NAME,EMAIL,PHONE,HIRE_DATE,MANAGER_ID,JOB_TITLE) values (59,'Chloe','Cruz','chloe.cruz@example.com','011.44.1345.829268',to_date('01-AUG-16','DD-MON-RR'),47,'Sales Representative');
Insert into EMPLOYEES (EMPLOYEE_ID,FIRST_NAME,LAST_NAME,EMAIL,PHONE,HIRE_DATE,MANAGER_ID,JOB_TITLE) values (60,'Isabelle','Marshall','isabelle.marshall@example.com','011.44.1345.729268',to_date('10-MAR-16','DD-MON-RR'),47,'Sales Representative');
Insert into EMPLOYEES (EMPLOYEE_ID,FIRST_NAME,LAST_NAME,EMAIL,PHONE,HIRE_DATE,MANAGER_ID,JOB_TITLE) values (61,'Daisy','Ortiz','daisy.ortiz@example.com','011.44.1345.629268',to_date('15-DEC-16','DD-MON-RR'),47,'Sales Representative');
Insert into EMPLOYEES (EMPLOYEE_ID,FIRST_NAME,LAST_NAME,EMAIL,PHONE,HIRE_DATE,MANAGER_ID,JOB_TITLE) values (62,'Freya','Gomez','freya.gomez@example.com','011.44.1345.529268',to_date('03-NOV-16','DD-MON-RR'),47,'Sales Representative');
Insert into EMPLOYEES (EMPLOYEE_ID,FIRST_NAME,LAST_NAME,EMAIL,PHONE,HIRE_DATE,MANAGER_ID,JOB_TITLE) values (63,'Phoebe','Murray','phoebe.murray@example.com','011.44.1346.129268',to_date('11-NOV-16','DD-MON-RR'),48,'Sales Representative');
Insert into EMPLOYEES (EMPLOYEE_ID,FIRST_NAME,LAST_NAME,EMAIL,PHONE,HIRE_DATE,MANAGER_ID,JOB_TITLE) values (64,'Florence','Freeman','florence.freeman@example.com','011.44.1346.229268',to_date('19-MAR-16','DD-MON-RR'),48,'Sales Representative');
Insert into EMPLOYEES (EMPLOYEE_ID,FIRST_NAME,LAST_NAME,EMAIL,PHONE,HIRE_DATE,MANAGER_ID,JOB_TITLE) values (65,'Alice','Wells','alice.wells@example.com','011.44.1346.329268',to_date('24-JAN-16','DD-MON-RR'),48,'Sales Representative');
Insert into EMPLOYEES (EMPLOYEE_ID,FIRST_NAME,LAST_NAME,EMAIL,PHONE,HIRE_DATE,MANAGER_ID,JOB_TITLE) values (66,'Charlotte','Webb','charlotte.webb@example.com','011.44.1346.529268',to_date('23-FEB-16','DD-MON-RR'),48,'Sales Representative');
Insert into EMPLOYEES (EMPLOYEE_ID,FIRST_NAME,LAST_NAME,EMAIL,PHONE,HIRE_DATE,MANAGER_ID,JOB_TITLE) values (67,'Sienna','Simpson','sienna.simpson@example.com','011.44.1346.629268',to_date('24-MAR-16','DD-MON-RR'),48,'Sales Representative');
Insert into EMPLOYEES (EMPLOYEE_ID,FIRST_NAME,LAST_NAME,EMAIL,PHONE,HIRE_DATE,MANAGER_ID,JOB_TITLE) values (68,'Matilda','Stevens','matilda.stevens@example.com','011.44.1346.729268',to_date('21-APR-16','DD-MON-RR'),48,'Sales Representative');
Insert into EMPLOYEES (EMPLOYEE_ID,FIRST_NAME,LAST_NAME,EMAIL,PHONE,HIRE_DATE,MANAGER_ID,JOB_TITLE) values (69,'Evelyn','Tucker','evelyn.tucker@example.com','011.44.1343.929268',to_date('11-MAR-16','DD-MON-RR'),49,'Sales Representative');
Insert into EMPLOYEES (EMPLOYEE_ID,FIRST_NAME,LAST_NAME,EMAIL,PHONE,HIRE_DATE,MANAGER_ID,JOB_TITLE) values (70,'Eva','Porter','eva.porter@example.com','011.44.1343.829268',to_date('23-MAR-16','DD-MON-RR'),49,'Sales Representative');
Insert into EMPLOYEES (EMPLOYEE_ID,FIRST_NAME,LAST_NAME,EMAIL,PHONE,HIRE_DATE,MANAGER_ID,JOB_TITLE) values (71,'Millie','Hunter','millie.hunter@example.com','011.44.1343.729268',to_date('24-JAN-16','DD-MON-RR'),49,'Sales Representative');
Insert into EMPLOYEES (EMPLOYEE_ID,FIRST_NAME,LAST_NAME,EMAIL,PHONE,HIRE_DATE,MANAGER_ID,JOB_TITLE) values (72,'Sofia','Hicks','sofia.hicks@example.com','011.44.1343.629268',to_date('23-FEB-16','DD-MON-RR'),49,'Sales Representative');
Insert into EMPLOYEES (EMPLOYEE_ID,FIRST_NAME,LAST_NAME,EMAIL,PHONE,HIRE_DATE,MANAGER_ID,JOB_TITLE) values (73,'Lucy','Crawford','lucy.crawford@example.com','011.44.1343.529268',to_date('24-MAR-16','DD-MON-RR'),49,'Sales Representative');
Insert into EMPLOYEES (EMPLOYEE_ID,FIRST_NAME,LAST_NAME,EMAIL,PHONE,HIRE_DATE,MANAGER_ID,JOB_TITLE) values (74,'Elsie','Henry','elsie.henry@example.com','011.44.1343.329268',to_date('21-APR-16','DD-MON-RR'),49,'Sales Representative');
Insert into EMPLOYEES (EMPLOYEE_ID,FIRST_NAME,LAST_NAME,EMAIL,PHONE,HIRE_DATE,MANAGER_ID,JOB_TITLE) values (75,'Imogen','Boyd','imogen.boyd@example.com','011.44.1644.429267',to_date('11-MAY-16','DD-MON-RR'),50,'Sales Representative');
Insert into EMPLOYEES (EMPLOYEE_ID,FIRST_NAME,LAST_NAME,EMAIL,PHONE,HIRE_DATE,MANAGER_ID,JOB_TITLE) values (76,'Layla','Mason','layla.mason@example.com','011.44.1644.429266',to_date('19-MAR-16','DD-MON-RR'),50,'Sales Representative');
Insert into EMPLOYEES (EMPLOYEE_ID,FIRST_NAME,LAST_NAME,EMAIL,PHONE,HIRE_DATE,MANAGER_ID,JOB_TITLE) values (77,'Rosie','Morales','rosie.morales@example.com','011.44.1644.429265',to_date('24-MAR-16','DD-MON-RR'),50,'Sales Representative');
Insert into EMPLOYEES (EMPLOYEE_ID,FIRST_NAME,LAST_NAME,EMAIL,PHONE,HIRE_DATE,MANAGER_ID,JOB_TITLE) values (78,'Maya','Kennedy','maya.kennedy@example.com','011.44.1644.429264',to_date('23-APR-16','DD-MON-RR'),50,'Sales Representative');
Insert into EMPLOYEES (EMPLOYEE_ID,FIRST_NAME,LAST_NAME,EMAIL,PHONE,HIRE_DATE,MANAGER_ID,JOB_TITLE) values (79,'Esme','Warren','esme.warren@example.com','011.44.1644.429263',to_date('24-MAY-16','DD-MON-RR'),50,'Sales Representative');
Insert into EMPLOYEES (EMPLOYEE_ID,FIRST_NAME,LAST_NAME,EMAIL,PHONE,HIRE_DATE,MANAGER_ID,JOB_TITLE) values (80,'Elizabeth','Dixon','elizabeth.dixon@example.com','011.44.1644.429262',to_date('04-JAN-16','DD-MON-RR'),50,'Sales Representative');
Insert into EMPLOYEES (EMPLOYEE_ID,FIRST_NAME,LAST_NAME,EMAIL,PHONE,HIRE_DATE,MANAGER_ID,JOB_TITLE) values (81,'Lola','Ramos','lola.ramos@example.com','650.507.9876',to_date('24-JAN-16','DD-MON-RR'),21,'Shipping Clerk');
Insert into EMPLOYEES (EMPLOYEE_ID,FIRST_NAME,LAST_NAME,EMAIL,PHONE,HIRE_DATE,MANAGER_ID,JOB_TITLE) values (82,'Willow','Reyes','willow.reyes@example.com','650.507.9877',to_date('23-FEB-16','DD-MON-RR'),21,'Shipping Clerk');
Insert into EMPLOYEES (EMPLOYEE_ID,FIRST_NAME,LAST_NAME,EMAIL,PHONE,HIRE_DATE,MANAGER_ID,JOB_TITLE) values (83,'Ivy','Burns','ivy.burns@example.com','650.507.9878',to_date('21-JUN-16','DD-MON-RR'),21,'Shipping Clerk');
Insert into EMPLOYEES (EMPLOYEE_ID,FIRST_NAME,LAST_NAME,EMAIL,PHONE,HIRE_DATE,MANAGER_ID,JOB_TITLE) values (84,'Erin','Gordon','erin.gordon@example.com','650.507.9879',to_date('03-FEB-16','DD-MON-RR'),21,'Shipping Clerk');
Insert into EMPLOYEES (EMPLOYEE_ID,FIRST_NAME,LAST_NAME,EMAIL,PHONE,HIRE_DATE,MANAGER_ID,JOB_TITLE) values (85,'Holly','Shaw','holly.shaw@example.com','650.509.1876',to_date('27-JAN-16','DD-MON-RR'),22,'Shipping Clerk');
Insert into EMPLOYEES (EMPLOYEE_ID,FIRST_NAME,LAST_NAME,EMAIL,PHONE,HIRE_DATE,MANAGER_ID,JOB_TITLE) values (86,'Emilia','Holmes','emilia.holmes@example.com','650.509.2876',to_date('20-FEB-16','DD-MON-RR'),22,'Shipping Clerk');
Insert into EMPLOYEES (EMPLOYEE_ID,FIRST_NAME,LAST_NAME,EMAIL,PHONE,HIRE_DATE,MANAGER_ID,JOB_TITLE) values (87,'Molly','Rice','molly.rice@example.com','650.509.3876',to_date('24-JUN-16','DD-MON-RR'),22,'Shipping Clerk');
Insert into EMPLOYEES (EMPLOYEE_ID,FIRST_NAME,LAST_NAME,EMAIL,PHONE,HIRE_DATE,MANAGER_ID,JOB_TITLE) values (88,'Ellie','Robertson','ellie.robertson@example.com','650.509.4876',to_date('07-FEB-16','DD-MON-RR'),22,'Shipping Clerk');
Insert into EMPLOYEES (EMPLOYEE_ID,FIRST_NAME,LAST_NAME,EMAIL,PHONE,HIRE_DATE,MANAGER_ID,JOB_TITLE) values (89,'Jasmine','Hunt','jasmine.hunt@example.com','650.505.1876',to_date('14-JUN-16','DD-MON-RR'),23,'Shipping Clerk');
Insert into EMPLOYEES (EMPLOYEE_ID,FIRST_NAME,LAST_NAME,EMAIL,PHONE,HIRE_DATE,MANAGER_ID,JOB_TITLE) values (90,'Eliza','Black','eliza.black@example.com','650.505.2876',to_date('13-AUG-16','DD-MON-RR'),23,'Shipping Clerk');
Insert into EMPLOYEES (EMPLOYEE_ID,FIRST_NAME,LAST_NAME,EMAIL,PHONE,HIRE_DATE,MANAGER_ID,JOB_TITLE) values (91,'Lilly','Daniels','lilly.daniels@example.com','650.505.3876',to_date('11-JUL-16','DD-MON-RR'),23,'Shipping Clerk');
Insert into EMPLOYEES (EMPLOYEE_ID,FIRST_NAME,LAST_NAME,EMAIL,PHONE,HIRE_DATE,MANAGER_ID,JOB_TITLE) values (92,'Abigail','Palmer','abigail.palmer@example.com','650.505.4876',to_date('19-DEC-16','DD-MON-RR'),23,'Shipping Clerk');
Insert into EMPLOYEES (EMPLOYEE_ID,FIRST_NAME,LAST_NAME,EMAIL,PHONE,HIRE_DATE,MANAGER_ID,JOB_TITLE) values (93,'Georgia','Mills','georgia.mills@example.com','650.501.1876',to_date('04-FEB-16','DD-MON-RR'),24,'Shipping Clerk');
Insert into EMPLOYEES (EMPLOYEE_ID,FIRST_NAME,LAST_NAME,EMAIL,PHONE,HIRE_DATE,MANAGER_ID,JOB_TITLE) values (94,'Maisie','Nichols','maisie.nichols@example.com','650.501.2876',to_date('03-MAR-16','DD-MON-RR'),24,'Shipping Clerk');
Insert into EMPLOYEES (EMPLOYEE_ID,FIRST_NAME,LAST_NAME,EMAIL,PHONE,HIRE_DATE,MANAGER_ID,JOB_TITLE) values (95,'Eleanor','Grant','eleanor.grant@example.com','650.501.3876',to_date('01-JUL-16','DD-MON-RR'),24,'Shipping Clerk');
Insert into EMPLOYEES (EMPLOYEE_ID,FIRST_NAME,LAST_NAME,EMAIL,PHONE,HIRE_DATE,MANAGER_ID,JOB_TITLE) values (96,'Hannah','Knight','hannah.knight@example.com','650.501.4876',to_date('17-MAR-16','DD-MON-RR'),24,'Shipping Clerk');
Insert into EMPLOYEES (EMPLOYEE_ID,FIRST_NAME,LAST_NAME,EMAIL,PHONE,HIRE_DATE,MANAGER_ID,JOB_TITLE) values (97,'Harriet','Ferguson','harriet.ferguson@example.com','650.507.9811',to_date('24-APR-16','DD-MON-RR'),25,'Shipping Clerk');
Insert into EMPLOYEES (EMPLOYEE_ID,FIRST_NAME,LAST_NAME,EMAIL,PHONE,HIRE_DATE,MANAGER_ID,JOB_TITLE) values (98,'Amber','Rose','amber.rose@example.com','650.507.9822',to_date('23-MAY-16','DD-MON-RR'),25,'Shipping Clerk');
Insert into EMPLOYEES (EMPLOYEE_ID,FIRST_NAME,LAST_NAME,EMAIL,PHONE,HIRE_DATE,MANAGER_ID,JOB_TITLE) values (99,'Bella','Stone','bella.stone@example.com','650.507.9833',to_date('21-JUN-16','DD-MON-RR'),25,'Shipping Clerk');
Insert into EMPLOYEES (EMPLOYEE_ID,FIRST_NAME,LAST_NAME,EMAIL,PHONE,HIRE_DATE,MANAGER_ID,JOB_TITLE) values (100,'Thea','Hawkins','thea.hawkins@example.com','650.507.9844',to_date('13-JAN-16','DD-MON-RR'),25,'Shipping Clerk');
Insert into EMPLOYEES (EMPLOYEE_ID,FIRST_NAME,LAST_NAME,EMAIL,PHONE,HIRE_DATE,MANAGER_ID,JOB_TITLE) values (101,'Annabelle','Dunn','annabelle.dunn@example.com','515.123.4444',to_date('17-SEP-16','DD-MON-RR'),2,'Administration Assistant');
Insert into EMPLOYEES (EMPLOYEE_ID,FIRST_NAME,LAST_NAME,EMAIL,PHONE,HIRE_DATE,MANAGER_ID,JOB_TITLE) values (102,'Emma','Perkins','emma.perkins@example.com','515.123.5555',to_date('17-FEB-16','DD-MON-RR'),1,'Marketing Manager');
Insert into EMPLOYEES (EMPLOYEE_ID,FIRST_NAME,LAST_NAME,EMAIL,PHONE,HIRE_DATE,MANAGER_ID,JOB_TITLE) values (103,'Amelie','Hudson','amelie.hudson@example.com','603.123.6666',to_date('17-AUG-16','DD-MON-RR'),102,'Marketing Representative');
Insert into EMPLOYEES (EMPLOYEE_ID,FIRST_NAME,LAST_NAME,EMAIL,PHONE,HIRE_DATE,MANAGER_ID,JOB_TITLE) values (104,'Harper','Spencer','harper.spencer@example.com','515.123.7777',to_date('07-JUN-16','DD-MON-RR'),2,'Human Resources Representative');
Insert into EMPLOYEES (EMPLOYEE_ID,FIRST_NAME,LAST_NAME,EMAIL,PHONE,HIRE_DATE,MANAGER_ID,JOB_TITLE) values (105,'Gracie','Gardner','gracie.gardner@example.com','515.123.8888',to_date('07-JUN-16','DD-MON-RR'),2,'Public Relations Representative');
Insert into EMPLOYEES (EMPLOYEE_ID,FIRST_NAME,LAST_NAME,EMAIL,PHONE,HIRE_DATE,MANAGER_ID,JOB_TITLE) values (106,'Rose','Stephens','rose.stephens@example.com','515.123.8080',to_date('07-JUN-16','DD-MON-RR'),2,'Accounting Manager');
Insert into EMPLOYEES (EMPLOYEE_ID,FIRST_NAME,LAST_NAME,EMAIL,PHONE,HIRE_DATE,MANAGER_ID,JOB_TITLE) values (107,'Summer','Payne','summer.payne@example.com','515.123.8181',to_date('07-JUN-16','DD-MON-RR'),106,'Public Accountant');

Insert into diesease_categories (diesease_id,diesease_name) values (1,'asthma');
Insert into diesease_categories (diesease_id,diesease_name) values (2,'diabetes');
Insert into diesease_categories (diesease_id,diesease_name) values (3,'hypertension');
Insert into diesease_categories (diesease_id,diesease_name) values (4,'depression');
Insert into diesease_categories (diesease_id,diesease_name) values (5,' neuropathic pain');
Insert into diesease_categories (diesease_id,diesease_name) values (6,' rheumatoid arthritis');
Insert into diesease_categories (diesease_id,diesease_name) values (7,'GERD');
Insert into diesease_categories (diesease_id,diesease_name) values (8,'high cholesterol');
Insert into diesease_categories (diesease_id,diesease_name) values (9,'insomnia');
Insert into diesease_categories (diesease_id,diesease_name) values (10,' angina');
select * from regions;
Insert into medicine(medicine_id,medicine_name,STANDARD_COST,LIST_PRICE,diesease_id) values(5,'gabapentin',450.36,640.99,5);
Insert into medicine(medicine_id,medicine_name,STANDARD_COST,LIST_PRICE,diesease_id) values(1,'s albutamol',2144.4,2554.99,1);
Insert into medicine(medicine_id,medicine_name,STANDARD_COST,LIST_PRICE,diesease_id) values(2,'aspirin',573.51,799.99,2);
Insert into medicine(medicine_id,medicine_name,STANDARD_COST,LIST_PRICE,diesease_id) values(6,' naproxen',535.47,601.99,6);
Insert into medicine(medicine_id,medicine_name,STANDARD_COST,LIST_PRICE,diesease_id) values(7,'omeprazole',633.65,704.99,7);
Insert into medicine(medicine_id,medicine_name,STANDARD_COST,LIST_PRICE,diesease_id) values(8,'simvastatin',601.56,725.99,8);
Insert into medicine(medicine_id,medicine_name,STANDARD_COST,LIST_PRICE,diesease_id) values(9,'zolpidem',792.89,889.89,9);
Insert into medicine(medicine_id,medicine_name,STANDARD_COST,LIST_PRICE,diesease_id) values(10,' isosorbide mononitrate',595.42,699.01,10);
Insert into medicine(medicine_id,medicine_name,STANDARD_COST,LIST_PRICE,diesease_id) values(3,' carvedilol',380.55,469.99,3);
Insert into medicine(medicine_id,medicine_name,STANDARD_COST,LIST_PRICE,diesease_id) values(4,' citalopram',428.89,482.49,4);


Insert into CUSTOMERS (CUSTOMER_ID,NAME,ADDRESS,CREDIT_LIMIT,WEBSITE) values (1,'Raytheon','514 W Superior St, Kokomo, IN',100,'http://www.raytheon.com');
Insert into CUSTOMERS (CUSTOMER_ID,NAME,ADDRESS,CREDIT_LIMIT,WEBSITE) values (2,'Plains GP Holdings','2515 Bloyd Ave, Indianapolis, IN',100,'http://www.plainsallamerican.com');
Insert into CUSTOMERS (CUSTOMER_ID,NAME,ADDRESS,CREDIT_LIMIT,WEBSITE) values (3,'US Foods Holding','8768 N State Rd 37, Bloomington, IN',100,'http://www.usfoods.com');
Insert into CUSTOMERS (CUSTOMER_ID,NAME,ADDRESS,CREDIT_LIMIT,WEBSITE) values (4,'AbbVie','6445 Bay Harbor Ln, Indianapolis, IN',100,'http://www.abbvie.com');
Insert into CUSTOMERS (CUSTOMER_ID,NAME,ADDRESS,CREDIT_LIMIT,WEBSITE) values (5,'Centene','4019 W 3Rd St, Bloomington, IN',100,'http://www.centene.com');
Insert into CUSTOMERS (CUSTOMER_ID,NAME,ADDRESS,CREDIT_LIMIT,WEBSITE) values (6,'Community Health Systems','1608 Portage Ave, South Bend, IN',100,'http://www.chs.net');
Insert into CUSTOMERS (CUSTOMER_ID,NAME,ADDRESS,CREDIT_LIMIT,WEBSITE) values (7,'Alcoa','23943 Us Highway 33, Elkhart, IN',100,'http://www.alcoa.com');
Insert into CUSTOMERS (CUSTOMER_ID,NAME,ADDRESS,CREDIT_LIMIT,WEBSITE) values (8,'International Paper','136 E Market St # 800, Indianapolis, IN',100,'http://www.internationalpaper.com');
Insert into CUSTOMERS (CUSTOMER_ID,NAME,ADDRESS,CREDIT_LIMIT,WEBSITE) values (9,'Emerson Electric','1905 College St, South Bend, IN',100,'http://www.emerson.com');
Insert into CUSTOMERS (CUSTOMER_ID,NAME,ADDRESS,CREDIT_LIMIT,WEBSITE) values (10,'Union Pacific','3512 Rockville Rd # 137C, Indianapolis, IN',200,'http://www.up.com');
Insert into CUSTOMERS (CUSTOMER_ID,NAME,ADDRESS,CREDIT_LIMIT,WEBSITE) values (11,'Amgen','1303 E University St, Bloomington, IN',200,'http://www.amgen.com');
Insert into CUSTOMERS (CUSTOMER_ID,NAME,ADDRESS,CREDIT_LIMIT,WEBSITE) values (12,'U.S. Bancorp','115 N Weinbach Ave, Evansville, IN',200,'http://www.usbank.com');
Insert into CUSTOMERS (CUSTOMER_ID,NAME,ADDRESS,CREDIT_LIMIT,WEBSITE) values (13,'Staples','2067 Rollett Ln, Evansville, IN',200,'http://www.staples.com');
Insert into CUSTOMERS (CUSTOMER_ID,NAME,ADDRESS,CREDIT_LIMIT,WEBSITE) values (14,'Danaher','1105 E Allendale Dr, Bloomington, IN',200,'http://www.danaher.com');
Insert into CUSTOMERS (CUSTOMER_ID,NAME,ADDRESS,CREDIT_LIMIT,WEBSITE) values (15,'Whirlpool','18305 Van Dyke St, Detroit, MI',200,'http://www.whirlpoolcorp.com');
Insert into CUSTOMERS (CUSTOMER_ID,NAME,ADDRESS,CREDIT_LIMIT,WEBSITE) values (16,'Aflac','Lucas Dr Bldg 348, Detroit, MI',200,'http://www.aflac.com');
Insert into CUSTOMERS (CUSTOMER_ID,NAME,ADDRESS,CREDIT_LIMIT,WEBSITE) values (17,'AutoNation','1801 Monroe Ave Nw, Grand Rapids, MI',200,'http://www.autonation.com');
Insert into CUSTOMERS (CUSTOMER_ID,NAME,ADDRESS,CREDIT_LIMIT,WEBSITE) values (18,'Progressive','4925 Kendrick St Se, Grand Rapids, MI',200,'http://www.progressive.com');
Insert into CUSTOMERS (CUSTOMER_ID,NAME,ADDRESS,CREDIT_LIMIT,WEBSITE) values (19,'Abbott Laboratories','3310 Dixie Ct, Saginaw, MI',200,'http://www.abbott.com');
Insert into CUSTOMERS (CUSTOMER_ID,NAME,ADDRESS,CREDIT_LIMIT,WEBSITE) values (20,'Dollar General','113 Washington Sq N, Lansing, MI',200,'http://www.dollargeneral.com');
Insert into CUSTOMERS (CUSTOMER_ID,NAME,ADDRESS,CREDIT_LIMIT,WEBSITE) values (21,'Tenet Healthcare','2500 S Pennsylvania Ave, Lansing, MI',200,'http://www.tenethealth.com');
Insert into CUSTOMERS (CUSTOMER_ID,NAME,ADDRESS,CREDIT_LIMIT,WEBSITE) values (22,'Eli Lilly','3213 S Cedar St, Lansing, MI',200,'http://www.lilly.com');
Insert into CUSTOMERS (CUSTOMER_ID,NAME,ADDRESS,CREDIT_LIMIT,WEBSITE) values (23,'DTE Energy','8110 Jackson Rd, Ann Arbor, MI',200,'http://www.dteenergy.com');
Insert into CUSTOMERS (CUSTOMER_ID,NAME,ADDRESS,CREDIT_LIMIT,WEBSITE) values (24,'Southwest Airlines','6654 W Lafayette St, Detroit, MI',200,'http://www.southwest.com');
Insert into CUSTOMERS (CUSTOMER_ID,NAME,ADDRESS,CREDIT_LIMIT,WEBSITE) values (25,'Penske Automotive Group','27 Benton Rd, Saginaw, MI',200,'http://www.penskeautomotive.com');
Insert into CUSTOMERS (CUSTOMER_ID,NAME,ADDRESS,CREDIT_LIMIT,WEBSITE) values (26,'ManpowerGroup','8201 Livernois Ave, Detroit, MI',300,'http://www.manpowergroup.com');
Insert into CUSTOMERS (CUSTOMER_ID,NAME,ADDRESS,CREDIT_LIMIT,WEBSITE) values (27,'Assurant','101 N Falahee Rd, Jackson, MI',300,'http://www.assurant.com');
Insert into CUSTOMERS (CUSTOMER_ID,NAME,ADDRESS,CREDIT_LIMIT,WEBSITE) values (28,'Kohl?s','3100 E Eisenhower Pky # 100, Ann Arbor, MI',300,'http://www.kohlscorporation.com');
Insert into CUSTOMERS (CUSTOMER_ID,NAME,ADDRESS,CREDIT_LIMIT,WEBSITE) values (29,'Starbucks','952 Vassar Dr, Kalamazoo, MI',400,'http://www.starbucks.com');
Insert into CUSTOMERS (CUSTOMER_ID,NAME,ADDRESS,CREDIT_LIMIT,WEBSITE) values (30,'Paccar','150 W Jefferson Ave # 2500, Detroit, MI',400,'http://www.paccar.com');
Insert into CUSTOMERS (CUSTOMER_ID,NAME,ADDRESS,CREDIT_LIMIT,WEBSITE) values (31,'Cummins','40 Pearl St Nw # 1020, Grand Rapids, MI',400,'http://www.cummins.com');
Insert into CUSTOMERS (CUSTOMER_ID,NAME,ADDRESS,CREDIT_LIMIT,WEBSITE) values (32,'Global Partners','1135 Catherine St, Ann Arbor, MI',400,'http://www.globalp.com');
Insert into CUSTOMERS (CUSTOMER_ID,NAME,ADDRESS,CREDIT_LIMIT,WEBSITE) values (33,'Altria Group','301 E Genesee Ave, Saginaw, MI',400,'http://www.altria.com');
Insert into CUSTOMERS (CUSTOMER_ID,NAME,ADDRESS,CREDIT_LIMIT,WEBSITE) values (34,'Xerox','9936 Dexter Ave, Detroit, MI',400,'http://www.xerox.com');
Insert into CUSTOMERS (CUSTOMER_ID,NAME,ADDRESS,CREDIT_LIMIT,WEBSITE) values (35,'Kimberly-Clark','1660 University Ter, Ann Arbor, MI',400,'http://www.kimberly-clark.com');
Insert into CUSTOMERS (CUSTOMER_ID,NAME,ADDRESS,CREDIT_LIMIT,WEBSITE) values (36,'Hartford Financial Services Group','15713 N East St, Lansing, MI',400,'http://www.thehartford.com');
Insert into CUSTOMERS (CUSTOMER_ID,NAME,ADDRESS,CREDIT_LIMIT,WEBSITE) values (37,'Huntsman','555 John F Kennedy Rd, Dubuque, IA',500,'http://www.huntsman.com');
Insert into CUSTOMERS (CUSTOMER_ID,NAME,ADDRESS,CREDIT_LIMIT,WEBSITE) values (38,'Kraft Heinz','10315 Hickman Rd, Des Moines, IA',500,'http://www.kraftheinzcompany.com');
Insert into CUSTOMERS (CUSTOMER_ID,NAME,ADDRESS,CREDIT_LIMIT,WEBSITE) values (39,'Lear','2115 N Towne Ln Ne, Cedar Rapids, IA',500,'http://www.lear.com');
Insert into CUSTOMERS (CUSTOMER_ID,NAME,ADDRESS,CREDIT_LIMIT,WEBSITE) values (40,'Fluor','1928 Sherwood Dr, Council Bluffs, IA',500,'http://www.fluor.com');
Insert into CUSTOMERS (CUSTOMER_ID,NAME,ADDRESS,CREDIT_LIMIT,WEBSITE) values (41,'AECOM','2102 E Kimberly Rd, Davenport, IA',500,'http://www.aecom.com');
Insert into CUSTOMERS (CUSTOMER_ID,NAME,ADDRESS,CREDIT_LIMIT,WEBSITE) values (42,'Becton Dickinson','1691 Asbury Rd, Dubuque, IA',500,'http://www.bd.com');
Insert into CUSTOMERS (CUSTOMER_ID,NAME,ADDRESS,CREDIT_LIMIT,WEBSITE) values (43,'Facebook','5112 Sw 9Th St, Des Moines, IA',500,'http://www.facebook.com');
Insert into CUSTOMERS (CUSTOMER_ID,NAME,ADDRESS,CREDIT_LIMIT,WEBSITE) values (44,'Jabil Circuit','221 3Rd Ave Se # 300, Cedar Rapids, IA',500,'http://www.jabil.com');
Insert into CUSTOMERS (CUSTOMER_ID,NAME,ADDRESS,CREDIT_LIMIT,WEBSITE) values (45,'CenturyLink','2120 Heights Dr, Eau Claire, WI',500,'http://www.centurylink.com');
Insert into CUSTOMERS (CUSTOMER_ID,NAME,ADDRESS,CREDIT_LIMIT,WEBSITE) values (46,'Supervalu','8989 N Port Washington Rd, Milwaukee, WI',500,'http://www.supervalu.com');
Insert into CUSTOMERS (CUSTOMER_ID,NAME,ADDRESS,CREDIT_LIMIT,WEBSITE) values (47,'General Mills','6555 W Good Hope Rd, Milwaukee, WI',600,'http://www.generalmills.com');
Insert into CUSTOMERS (CUSTOMER_ID,NAME,ADDRESS,CREDIT_LIMIT,WEBSITE) values (48,'Southern','1314 N Stoughton Rd, Madison, WI',600,'http://www.southerncompany.com');
Insert into CUSTOMERS (CUSTOMER_ID,NAME,ADDRESS,CREDIT_LIMIT,WEBSITE) values (49,'NextEra Energy','4715 Sprecher Rd, Madison, WI',600,'http://www.nexteraenergy.com');
Insert into CUSTOMERS (CUSTOMER_ID,NAME,ADDRESS,CREDIT_LIMIT,WEBSITE) values (50,'Thermo Fisher Scientific','6161 N 64Th St, Milwaukee, WI',700,'http://www.thermofisher.com');
Insert into CUSTOMERS (CUSTOMER_ID,NAME,ADDRESS,CREDIT_LIMIT,WEBSITE) values (51,'American Electric Power','11016 W Lincoln Ave, Milwaukee, WI',700,'http://www.aep.com');
Insert into CUSTOMERS (CUSTOMER_ID,NAME,ADDRESS,CREDIT_LIMIT,WEBSITE) values (52,'PG&E Corp.','8600 W National Ave, Milwaukee, WI',700,'http://www.pge.com');
Insert into CUSTOMERS (CUSTOMER_ID,NAME,ADDRESS,CREDIT_LIMIT,WEBSITE) values (53,'NGL Energy Partners','615 N Sherman Ave, Madison, WI',700,'http://www.nglenergypartners.com');
Insert into CUSTOMERS (CUSTOMER_ID,NAME,ADDRESS,CREDIT_LIMIT,WEBSITE) values (54,'Bristol-Myers Squibb','512 E Grand Ave, Beloit, WI',700,'http://www.bms.com');
Insert into CUSTOMERS (CUSTOMER_ID,NAME,ADDRESS,CREDIT_LIMIT,WEBSITE) values (55,'Goodyear Tire & Rubber','600 N Broadway Fl 1, Milwaukee, WI',700,'http://www.goodyear.com');
Insert into CUSTOMERS (CUSTOMER_ID,NAME,ADDRESS,CREDIT_LIMIT,WEBSITE) values (56,'Nucor','5235 N Ironwood Ln, Milwaukee, WI',700,'http://www.nucor.com');
Insert into CUSTOMERS (CUSTOMER_ID,NAME,ADDRESS,CREDIT_LIMIT,WEBSITE) values (57,'PNC Financial Services Group','322 E Michigan St, Milwaukee, WI',700,'http://www.pnc.com');
Insert into CUSTOMERS (CUSTOMER_ID,NAME,ADDRESS,CREDIT_LIMIT,WEBSITE) values (58,'Health Net','1400 Bellinger St Fl 4, Eau Claire, WI',700,'http://www.healthnet.com');
Insert into CUSTOMERS (CUSTOMER_ID,NAME,ADDRESS,CREDIT_LIMIT,WEBSITE) values (59,'Micron Technology','411 E Wisconsin Ave # 2550, Milwaukee, WI',700,'http://www.micron.com');
Insert into CUSTOMERS (CUSTOMER_ID,NAME,ADDRESS,CREDIT_LIMIT,WEBSITE) values (60,'Colgate-Palmolive','808 3Rd St # 100, Wausau, WI',700,'http://www.colgatepalmolive.com');
Insert into CUSTOMERS (CUSTOMER_ID,NAME,ADDRESS,CREDIT_LIMIT,WEBSITE) values (61,'Freeport-McMoRan','300 Crooks St, Green Bay, WI',900,'http://www.fcx.com');
Insert into CUSTOMERS (CUSTOMER_ID,NAME,ADDRESS,CREDIT_LIMIT,WEBSITE) values (62,'ConAgra Foods','122 E Dayton St, Madison, WI',900,'http://www.conagrafoods.com');
Insert into CUSTOMERS (CUSTOMER_ID,NAME,ADDRESS,CREDIT_LIMIT,WEBSITE) values (63,'Sempra Energy','633 S Hawley Rd, Milwaukee, WI',900,'http://www.sempra.com');
Insert into CUSTOMERS (CUSTOMER_ID,NAME,ADDRESS,CREDIT_LIMIT,WEBSITE) values (64,'Gap','2122 Campbell Rd, La Crosse, WI',1200,'http://www.gapinc.com');
Insert into CUSTOMERS (CUSTOMER_ID,NAME,ADDRESS,CREDIT_LIMIT,WEBSITE) values (65,'Baker Hughes','3324 N Oakland Ave, Milwaukee, WI',1200,'http://www.bakerhughes.com');
Insert into CUSTOMERS (CUSTOMER_ID,NAME,ADDRESS,CREDIT_LIMIT,WEBSITE) values (66,'Bank of New York Mellon Corp.','666 22Nd Ave Ne, Minneapolis, MN',1200,'http://www.bnymellon.com');
Insert into CUSTOMERS (CUSTOMER_ID,NAME,ADDRESS,CREDIT_LIMIT,WEBSITE) values (67,'Dollar Tree','1501 Lowry Ave N, Minneapolis, MN',1200,'http://www.dollartree.com');
Insert into CUSTOMERS (CUSTOMER_ID,NAME,ADDRESS,CREDIT_LIMIT,WEBSITE) values (68,'AutoZone','113 N 1St St, Minneapolis, MN',1200,'http://www.autozone.com');
Insert into CUSTOMERS (CUSTOMER_ID,NAME,ADDRESS,CREDIT_LIMIT,WEBSITE) values (69,'Whole Foods Market','4200 Yosemite Ave S, Minneapolis, MN',1200,'http://www.wholefoodsmarket.com');
Insert into CUSTOMERS (CUSTOMER_ID,NAME,ADDRESS,CREDIT_LIMIT,WEBSITE) values (70,'PPG Industries','2800 Chicago Ave # 100, Minneapolis, MN',1200,'http://www.ppg.com');
Insert into CUSTOMERS (CUSTOMER_ID,NAME,ADDRESS,CREDIT_LIMIT,WEBSITE) values (71,'Genuine Parts','200 1St St Sw, Rochester, MN',1200,'http://www.genpt.com');
Insert into CUSTOMERS (CUSTOMER_ID,NAME,ADDRESS,CREDIT_LIMIT,WEBSITE) values (72,'Icahn Enterprises','314 W Superior St # 1015, Duluth, MN',1200,'http://www.ielp.com');
Insert into CUSTOMERS (CUSTOMER_ID,NAME,ADDRESS,CREDIT_LIMIT,WEBSITE) values (73,'Navistar International','1409 Willow St # 600, Minneapolis, MN',1200,'http://www.navistar.com');
Insert into CUSTOMERS (CUSTOMER_ID,NAME,ADDRESS,CREDIT_LIMIT,WEBSITE) values (74,'Performance Food Group','2720 Brewerton Rd, Syracuse, NY',1200,'http://www.pfgc.com');
Insert into CUSTOMERS (CUSTOMER_ID,NAME,ADDRESS,CREDIT_LIMIT,WEBSITE) values (75,'Omnicom Group','2134 W Genesee St, Syracuse, NY',1200,'http://www.omnicomgroup.com');
Insert into CUSTOMERS (CUSTOMER_ID,NAME,ADDRESS,CREDIT_LIMIT,WEBSITE) values (76,'DISH Network','1522 Main St, Niagara Falls, NY',1200,'http://www.dish.com');
Insert into CUSTOMERS (CUSTOMER_ID,NAME,ADDRESS,CREDIT_LIMIT,WEBSITE) values (77,'FirstEnergy','49 N Pine Ave, Albany, NY',1200,'http://www.firstenergycorp.com');
Insert into CUSTOMERS (CUSTOMER_ID,NAME,ADDRESS,CREDIT_LIMIT,WEBSITE) values (78,'Precision Castparts','726 Union St, Hudson, NY',1200,'http://www.precast.com');
Insert into CUSTOMERS (CUSTOMER_ID,NAME,ADDRESS,CREDIT_LIMIT,WEBSITE) values (79,'Monsanto','137 Lark St, Albany, NY',1200,'http://www.monsanto.com');
Insert into CUSTOMERS (CUSTOMER_ID,NAME,ADDRESS,CREDIT_LIMIT,WEBSITE) values (80,'AES','33 Fulton St, Poughkeepsie, NY',1200,'http://www.aes.com');
Insert into CUSTOMERS (CUSTOMER_ID,NAME,ADDRESS,CREDIT_LIMIT,WEBSITE) values (81,'CarMax','2360 Maxon Rd, Schenectady, NY',1200,'http://www.carmax.com');
Insert into CUSTOMERS (CUSTOMER_ID,NAME,ADDRESS,CREDIT_LIMIT,WEBSITE) values (82,'Discover Financial Services','85 High St, Buffalo, NY',1200,'http://www.discoverfinancial.com');
Insert into CUSTOMERS (CUSTOMER_ID,NAME,ADDRESS,CREDIT_LIMIT,WEBSITE) values (83,'National Oilwell Varco','1 Palisade Ave Fl 2, Yonkers, NY',1200,'http://www.nov.com');
Insert into CUSTOMERS (CUSTOMER_ID,NAME,ADDRESS,CREDIT_LIMIT,WEBSITE) values (84,'NRG Energy','500 S Salina St # 500, Syracuse, NY',1200,'http://www.nrgenergy.com');
Insert into CUSTOMERS (CUSTOMER_ID,NAME,ADDRESS,CREDIT_LIMIT,WEBSITE) values (85,'Western Digital','33 Pine St, Lockport, NY',1200,'http://www.westerndigital.com');
Insert into CUSTOMERS (CUSTOMER_ID,NAME,ADDRESS,CREDIT_LIMIT,WEBSITE) values (86,'Marriott International','Po Box 2152, Buffalo, NY',1200,'http://www.marriott.com');
Insert into CUSTOMERS (CUSTOMER_ID,NAME,ADDRESS,CREDIT_LIMIT,WEBSITE) values (87,'Liberty Interactive','2979 Hamburg St, Schenectady, NY',1200,'http://www.libertyinteractive.com');
Insert into CUSTOMERS (CUSTOMER_ID,NAME,ADDRESS,CREDIT_LIMIT,WEBSITE) values (88,'Walmart','1790 Grand Blvd, Schenectady, NY',1200,'http://www.walmart.com');
Insert into CUSTOMERS (CUSTOMER_ID,NAME,ADDRESS,CREDIT_LIMIT,WEBSITE) values (89,'Exxon Mobil','7 Ingelside Ln, White Plains, NY',1200,'http://www.exxonmobil.com');
Insert into CUSTOMERS (CUSTOMER_ID,NAME,ADDRESS,CREDIT_LIMIT,WEBSITE) values (90,'Apple','18 Glenridge Rd, Schenectady, NY',1200,'http://www.apple.com');
Insert into CUSTOMERS (CUSTOMER_ID,NAME,ADDRESS,CREDIT_LIMIT,WEBSITE) values (91,'Berkshire Hathaway','6432 Rising Sun Ave, Philadelphia, PA',1200,'http://www.berkshirehathaway.com');
Insert into CUSTOMERS (CUSTOMER_ID,NAME,ADDRESS,CREDIT_LIMIT,WEBSITE) values (92,'McKesson','Rr 10, Reading, PA',1200,'http://www.mckesson.com');
Insert into CUSTOMERS (CUSTOMER_ID,NAME,ADDRESS,CREDIT_LIMIT,WEBSITE) values (93,'UnitedHealth Group','2455 Rose Garden Rd, Pittsburgh, PA',1200,'http://www.unitedhealthgroup.com');
Insert into CUSTOMERS (CUSTOMER_ID,NAME,ADDRESS,CREDIT_LIMIT,WEBSITE) values (94,'CVS Health','1812 Timberline Rd, Altoona, PA',1200,'http://www.cvshealth.com');
Insert into CUSTOMERS (CUSTOMER_ID,NAME,ADDRESS,CREDIT_LIMIT,WEBSITE) values (95,'General Motors','141 Schiller St, Reading, PA',1200,'http://www.gm.com');
Insert into CUSTOMERS (CUSTOMER_ID,NAME,ADDRESS,CREDIT_LIMIT,WEBSITE) values (96,'Ford Motor','1126 Pawlings Rd, Norristown, PA',1200,'http://www.ford.com');
Insert into CUSTOMERS (CUSTOMER_ID,NAME,ADDRESS,CREDIT_LIMIT,WEBSITE) values (97,'AT&T','55 Church Hill Rd, Reading, PA',1200,'http://www.att.com');
Insert into CUSTOMERS (CUSTOMER_ID,NAME,ADDRESS,CREDIT_LIMIT,WEBSITE) values (98,'General Electric','354 N Prince St, Lancaster, PA',1200,'http://www.ge.com');
Insert into CUSTOMERS (CUSTOMER_ID,NAME,ADDRESS,CREDIT_LIMIT,WEBSITE) values (99,'AmerisourceBergen','115 Chestnut St, Philadelphia, PA',1400,'http://www.amerisourcebergen.com');
Insert into CUSTOMERS (CUSTOMER_ID,NAME,ADDRESS,CREDIT_LIMIT,WEBSITE) values (100,'Verizon','2899 Grand Ave, Pittsburgh, PA',1400,'http://www.verizon.com');
Insert into CUSTOMERS (CUSTOMER_ID,NAME,ADDRESS,CREDIT_LIMIT,WEBSITE) values (101,'Chevron','Po Box 39, Indiana, PA',1400,'http://www.chevron.com');
Insert into CUSTOMERS (CUSTOMER_ID,NAME,ADDRESS,CREDIT_LIMIT,WEBSITE) values (102,'Costco','1604 Broadway Ave, Pittsburgh, PA',1400,'http://www.costco.com');
Insert into CUSTOMERS (CUSTOMER_ID,NAME,ADDRESS,CREDIT_LIMIT,WEBSITE) values (103,'Fannie Mae','4734 Liberty Ave, Pittsburgh, PA',1400,'http://www.fanniemae.com');
Insert into CUSTOMERS (CUSTOMER_ID,NAME,ADDRESS,CREDIT_LIMIT,WEBSITE) values (104,'Kroger','21 Thornwood Rd, Harrisburg, PA',1400,'http://www.thekrogerco.com');
Insert into CUSTOMERS (CUSTOMER_ID,NAME,ADDRESS,CREDIT_LIMIT,WEBSITE) values (105,'Amazon.com','3725 W Lake Rd, Erie, PA',1400,'http://www.amazon.com');
Insert into CUSTOMERS (CUSTOMER_ID,NAME,ADDRESS,CREDIT_LIMIT,WEBSITE) values (106,'Walgreens Boots Alliance','1808 4Th Ave, Altoona, PA',1400,'http://www.walgreensbootsalliance.com');
Insert into CUSTOMERS (CUSTOMER_ID,NAME,ADDRESS,CREDIT_LIMIT,WEBSITE) values (107,'HP','Station Sq, Pittsburgh, PA',1400,'http://www.hp.com');
Insert into CUSTOMERS (CUSTOMER_ID,NAME,ADDRESS,CREDIT_LIMIT,WEBSITE) values (108,'Cardinal Health','4020 Garden Ave, Erie, PA',1400,'http://www.cardinal.com');
Insert into CUSTOMERS (CUSTOMER_ID,NAME,ADDRESS,CREDIT_LIMIT,WEBSITE) values (109,'Express Scripts Holding','100 N Peach St, Philadelphia, PA',1400,'http://www.express-scripts.com');
Insert into CUSTOMERS (CUSTOMER_ID,NAME,ADDRESS,CREDIT_LIMIT,WEBSITE) values (110,'J.P. Morgan Chase','835 Heister Ln, Reading, PA',1400,'http://www.jpmorganchase.com');
Insert into CUSTOMERS (CUSTOMER_ID,NAME,ADDRESS,CREDIT_LIMIT,WEBSITE) values (111,'W.W. Grainger','378 S Negley Ave, Pittsburgh, PA',1500,'http://www.grainger.com');
Insert into CUSTOMERS (CUSTOMER_ID,NAME,ADDRESS,CREDIT_LIMIT,WEBSITE) values (112,'Boeing','5643 N 5Th St, Philadelphia, PA',1500,'http://www.boeing.com');
Insert into CUSTOMERS (CUSTOMER_ID,NAME,ADDRESS,CREDIT_LIMIT,WEBSITE) values (113,'Microsoft','1401 W Warren Rd, Bradford, PA',1500,'http://www.microsoft.com');
Insert into CUSTOMERS (CUSTOMER_ID,NAME,ADDRESS,CREDIT_LIMIT,WEBSITE) values (114,'Bank of America Corp.','815 Freeport Rd, Pittsburgh, PA',1500,'http://www.bankofamerica.com');
Insert into CUSTOMERS (CUSTOMER_ID,NAME,ADDRESS,CREDIT_LIMIT,WEBSITE) values (115,'Wells Fargo','327 N Washington Ave # 300, Scranton, PA',1900,'http://www.wellsfargo.com');
Insert into CUSTOMERS (CUSTOMER_ID,NAME,ADDRESS,CREDIT_LIMIT,WEBSITE) values (116,'Baxter International','810 Race St, Philadelphia, PA',1900,'http://www.baxter.com');
Insert into CUSTOMERS (CUSTOMER_ID,NAME,ADDRESS,CREDIT_LIMIT,WEBSITE) values (117,'Home Depot','4901 Locust Ln, Harrisburg, PA',2300,'http://www.homedepcom');
Insert into CUSTOMERS (CUSTOMER_ID,NAME,ADDRESS,CREDIT_LIMIT,WEBSITE) values (118,'Citigroup','3376 Perrysville Ave, Pittsburgh, PA',2300,'http://www.citigroup.com');
Insert into CUSTOMERS (CUSTOMER_ID,NAME,ADDRESS,CREDIT_LIMIT,WEBSITE) values (119,'Phillips 66','220 Penn Ave # 300, Scranton, PA',2300,'http://www.phillips66.com');
Insert into CUSTOMERS (CUSTOMER_ID,NAME,ADDRESS,CREDIT_LIMIT,WEBSITE) values (120,'Stryker','135 S 18Th St # 1, Philadelphia, PA',2300,'http://www.stryker.com');
Insert into CUSTOMERS (CUSTOMER_ID,NAME,ADDRESS,CREDIT_LIMIT,WEBSITE) values (121,'IBM','522 Swede St, Norristown, PA',2300,'http://www.ibm.com');
Insert into CUSTOMERS (CUSTOMER_ID,NAME,ADDRESS,CREDIT_LIMIT,WEBSITE) values (122,'Valero Energy','7708 City Ave, Philadelphia, PA',2300,'http://www.valero.com');
Insert into CUSTOMERS (CUSTOMER_ID,NAME,ADDRESS,CREDIT_LIMIT,WEBSITE) values (123,'Anthem','1801 Lititz Pike, Lancaster, PA',2300,'http://www.antheminc.com');
Insert into CUSTOMERS (CUSTOMER_ID,NAME,ADDRESS,CREDIT_LIMIT,WEBSITE) values (124,'Procter & Gamble','101 E Olney Ave, Philadelphia, PA',2300,'http://www.pg.com');
Insert into CUSTOMERS (CUSTOMER_ID,NAME,ADDRESS,CREDIT_LIMIT,WEBSITE) values (125,'Air Products & Chemicals','612 Jefferson Ave, Scranton, PA',2300,'http://www.airproducts.com');
Insert into CUSTOMERS (CUSTOMER_ID,NAME,ADDRESS,CREDIT_LIMIT,WEBSITE) values (126,'State Farm Insurance Cos.','223 4Th Ave # 1100, Pittsburgh, PA',2300,'http://www.statefarm.com');
Insert into CUSTOMERS (CUSTOMER_ID,NAME,ADDRESS,CREDIT_LIMIT,WEBSITE) values (127,'Alphabet','36 W 34Th St, Erie, PA',2400,'http://www.google.com');
Insert into CUSTOMERS (CUSTOMER_ID,NAME,ADDRESS,CREDIT_LIMIT,WEBSITE) values (128,'Comcast','1007 Mount Royal Blvd, Pittsburgh, PA',2400,'http://www.comcastcorporation.com');
Insert into CUSTOMERS (CUSTOMER_ID,NAME,ADDRESS,CREDIT_LIMIT,WEBSITE) values (129,'Target','601 Market St, Philadelphia, PA',2400,'http://www.target.com');
Insert into CUSTOMERS (CUSTOMER_ID,NAME,ADDRESS,CREDIT_LIMIT,WEBSITE) values (130,'Western Refining','5565 Baynton St, Philadelphia, PA',2400,'http://www.wnr.com');
Insert into CUSTOMERS (CUSTOMER_ID,NAME,ADDRESS,CREDIT_LIMIT,WEBSITE) values (131,'Johnson & Johnson','5640 Fishers Ln, Rockville, MD',2400,'http://www.jnj.com');
Insert into CUSTOMERS (CUSTOMER_ID,NAME,ADDRESS,CREDIT_LIMIT,WEBSITE) values (132,'MetLife','5122 Sinclair Ln, Baltimore, MD',2400,'http://www.metlife.com');
Insert into CUSTOMERS (CUSTOMER_ID,NAME,ADDRESS,CREDIT_LIMIT,WEBSITE) values (133,'Archer Daniels Midland','680 Bel Air Rd, Bel Air, MD',2400,'http://www.adm.com');
Insert into CUSTOMERS (CUSTOMER_ID,NAME,ADDRESS,CREDIT_LIMIT,WEBSITE) values (134,'Marathon Petroleum','4301 Ashland Ave, Baltimore, MD',2400,'http://www.marathonpetroleum.com');
Insert into CUSTOMERS (CUSTOMER_ID,NAME,ADDRESS,CREDIT_LIMIT,WEBSITE) values (135,'Freddie Mac','8004 Stansbury Rd, Baltimore, MD',2400,'http://www.freddiemac.com');
Insert into CUSTOMERS (CUSTOMER_ID,NAME,ADDRESS,CREDIT_LIMIT,WEBSITE) values (136,'PepsiCo','10209 Yearling Dr, Rockville, MD',2400,'http://www.pepsico.com');
Insert into CUSTOMERS (CUSTOMER_ID,NAME,ADDRESS,CREDIT_LIMIT,WEBSITE) values (137,'United Technologies','3000 Greenmount Ave, Baltimore, MD',2400,'http://www.utc.com');
Insert into CUSTOMERS (CUSTOMER_ID,NAME,ADDRESS,CREDIT_LIMIT,WEBSITE) values (138,'Aetna','200 E Fort Ave, Baltimore, MD',2400,'http://www.aetna.com');
Insert into CUSTOMERS (CUSTOMER_ID,NAME,ADDRESS,CREDIT_LIMIT,WEBSITE) values (139,'Lowe?s','1262 Vocke Rd, Cumberland, MD',2400,'http://www.lowes.com');
Insert into CUSTOMERS (CUSTOMER_ID,NAME,ADDRESS,CREDIT_LIMIT,WEBSITE) values (140,'UPS','3314 Eastern Ave, Baltimore, MD',2400,'http://www.ups.com');
Insert into CUSTOMERS (CUSTOMER_ID,NAME,ADDRESS,CREDIT_LIMIT,WEBSITE) values (141,'AIG','12817 Coastal Hwy, Ocean City, MD',2400,'http://www.aig.com');
Insert into CUSTOMERS (CUSTOMER_ID,NAME,ADDRESS,CREDIT_LIMIT,WEBSITE) values (142,'Prudential Financial','11200 Scaggsville Rd, Laurel, MD',2400,'http://www.prudential.com');
Insert into CUSTOMERS (CUSTOMER_ID,NAME,ADDRESS,CREDIT_LIMIT,WEBSITE) values (143,'Intel','9435 Washington Blvd N # M, Laurel, MD',2400,'http://www.intel.com');
Insert into CUSTOMERS (CUSTOMER_ID,NAME,ADDRESS,CREDIT_LIMIT,WEBSITE) values (144,'Humana','2300 Harford Rd, Baltimore, MD',2400,'http://www.humana.com');
Insert into CUSTOMERS (CUSTOMER_ID,NAME,ADDRESS,CREDIT_LIMIT,WEBSITE) values (145,'Disney','2 2Nd St # A, Ocean City, MD',2400,'http://www.disney.com');
Insert into CUSTOMERS (CUSTOMER_ID,NAME,ADDRESS,CREDIT_LIMIT,WEBSITE) values (146,'Cisco Systems','6917 W Oklahoma Ave, Milwaukee, WI',2400,'http://www.cisco.com');
Insert into CUSTOMERS (CUSTOMER_ID,NAME,ADDRESS,CREDIT_LIMIT,WEBSITE) values (147,'Pfizer','206 S Broadway # 707, Rochester, MN',2400,'http://www.pfizer.com');
Insert into CUSTOMERS (CUSTOMER_ID,NAME,ADDRESS,CREDIT_LIMIT,WEBSITE) values (148,'Dow Chemical','160 Glenwood Ave, Minneapolis, MN',2400,'http://www.dow.com');
Insert into CUSTOMERS (CUSTOMER_ID,NAME,ADDRESS,CREDIT_LIMIT,WEBSITE) values (149,'Sysco','6915 Grand Ave, Hammond, IN',2400,'http://www.sysco.com');
Insert into CUSTOMERS (CUSTOMER_ID,NAME,ADDRESS,CREDIT_LIMIT,WEBSITE) values (150,'FedEx','2215 Oak Industrial Dr Ne, Grand Rapids, MI',2400,'http://www.fedex.com');
Insert into CUSTOMERS (CUSTOMER_ID,NAME,ADDRESS,CREDIT_LIMIT,WEBSITE) values (151,'Caterpillar','65 Cadillac Sq # 2701, Detroit, MI',2500,'http://www.caterpillar.com');
Insert into CUSTOMERS (CUSTOMER_ID,NAME,ADDRESS,CREDIT_LIMIT,WEBSITE) values (152,'Lockheed Martin','3435 Tuscany Dr Se, Grand Rapids, MI',2500,'http://www.lockheedmartin.com');
Insert into CUSTOMERS (CUSTOMER_ID,NAME,ADDRESS,CREDIT_LIMIT,WEBSITE) values (153,'New York Life Insurance','215 4Th Ave Se, Cedar Rapids, IA',2500,'http://www.newyorklife.com');
Insert into CUSTOMERS (CUSTOMER_ID,NAME,ADDRESS,CREDIT_LIMIT,WEBSITE) values (154,'Universal Health Services','1751 Madison Ave, Council Bluffs, IA',3500,'http://www.uhsinc.com');
Insert into CUSTOMERS (CUSTOMER_ID,NAME,ADDRESS,CREDIT_LIMIT,WEBSITE) values (155,'Coca-Cola','810 1St Ave, Council Bluffs, IA',3500,'http://www.coca-colacompany.com');
Insert into CUSTOMERS (CUSTOMER_ID,NAME,ADDRESS,CREDIT_LIMIT,WEBSITE) values (156,'HCA Holdings','500 W Oklahoma Ave, Milwaukee, WI',3500,'http://www.hcahealthcare.com');
Insert into CUSTOMERS (CUSTOMER_ID,NAME,ADDRESS,CREDIT_LIMIT,WEBSITE) values (157,'Ingram Micro','4811 S 76Th St # 205, Milwaukee, WI',3600,'http://www.ingrammicro.com');
Insert into CUSTOMERS (CUSTOMER_ID,NAME,ADDRESS,CREDIT_LIMIT,WEBSITE) values (158,'Owens & Minor','310 Broadway St, Alexandria, MN',3600,'http://www.owens-minor.com');
Insert into CUSTOMERS (CUSTOMER_ID,NAME,ADDRESS,CREDIT_LIMIT,WEBSITE) values (159,'Energy Transfer Equity','1721 E Lake St, Minneapolis, MN',3600,'http://www.energytransfer.com');
Insert into CUSTOMERS (CUSTOMER_ID,NAME,ADDRESS,CREDIT_LIMIT,WEBSITE) values (160,'Tyson Foods','255 Great Arrow Ave, Buffalo, NY',3600,'http://www.tysonfoods.com');
Insert into CUSTOMERS (CUSTOMER_ID,NAME,ADDRESS,CREDIT_LIMIT,WEBSITE) values (161,'American Airlines Group','800 Carter St, Rochester, NY',3600,'http://www.aa.com');
Insert into CUSTOMERS (CUSTOMER_ID,NAME,ADDRESS,CREDIT_LIMIT,WEBSITE) values (162,'Delta Air Lines','6640 Campbell Blvd, Lockport, NY',3600,'http://www.delta.com');
Insert into CUSTOMERS (CUSTOMER_ID,NAME,ADDRESS,CREDIT_LIMIT,WEBSITE) values (163,'Charter Communications','802 North Ave, Pittsburgh, PA',3600,'http://www.charter.com');
Insert into CUSTOMERS (CUSTOMER_ID,NAME,ADDRESS,CREDIT_LIMIT,WEBSITE) values (164,'Nationwide','1136 Arch St, Philadelphia, PA',3600,'http://www.nationwide.com');
Insert into CUSTOMERS (CUSTOMER_ID,NAME,ADDRESS,CREDIT_LIMIT,WEBSITE) values (165,'Johnson Controls','6Th And Master St, Philadelphia, PA',3600,'http://www.johnsoncontrols.com');
Insert into CUSTOMERS (CUSTOMER_ID,NAME,ADDRESS,CREDIT_LIMIT,WEBSITE) values (166,'Best Buy','Rt 6 E, Warren, PA',3700,'http://www.bestbuy.com');
Insert into CUSTOMERS (CUSTOMER_ID,NAME,ADDRESS,CREDIT_LIMIT,WEBSITE) values (167,'Merck','1924 Bedford St, Cumberland, MD',3700,'http://www.merck.com');
Insert into CUSTOMERS (CUSTOMER_ID,NAME,ADDRESS,CREDIT_LIMIT,WEBSITE) values (168,'Advance Auto Parts','2674 Collingwood St, Detroit, MI',3700,'http://www.advanceautoparts.com');
Insert into CUSTOMERS (CUSTOMER_ID,NAME,ADDRESS,CREDIT_LIMIT,WEBSITE) values (169,'Liberty Mutual Insurance Group','2713 N Bendix Dr, South Bend, IN',3700,'http://www.libertymutual.com');
Insert into CUSTOMERS (CUSTOMER_ID,NAME,ADDRESS,CREDIT_LIMIT,WEBSITE) values (170,'Goldman Sachs Group','23985 Bedford Rd N, Battle Creek, MI',3700,'http://www.gs.com');
Insert into CUSTOMERS (CUSTOMER_ID,NAME,ADDRESS,CREDIT_LIMIT,WEBSITE) values (171,'Honeywell International','752 W Huron St, Pontiac, MI',3700,'http://www.honeywell.com');
Insert into CUSTOMERS (CUSTOMER_ID,NAME,ADDRESS,CREDIT_LIMIT,WEBSITE) values (172,'MasterCard','660 Woodward Ave # 2290, Detroit, MI',3700,'http://www.mastercard.com');
Insert into CUSTOMERS (CUSTOMER_ID,NAME,ADDRESS,CREDIT_LIMIT,WEBSITE) values (173,'Massachusetts Mutual Life Insurance','1330 N Memorial Dr, Racine, WI',5000,'http://www.massmutual.com');
Insert into CUSTOMERS (CUSTOMER_ID,NAME,ADDRESS,CREDIT_LIMIT,WEBSITE) values (174,'Oracle','701 Seneca St, Buffalo, NY',5000,'http://www.oracle.com');
Insert into CUSTOMERS (CUSTOMER_ID,NAME,ADDRESS,CREDIT_LIMIT,WEBSITE) values (175,'Morgan Stanley','8 Automation Ln, Albany, NY',5000,'http://www.morganstanley.com');
Insert into CUSTOMERS (CUSTOMER_ID,NAME,ADDRESS,CREDIT_LIMIT,WEBSITE) values (176,'Cigna','811 N Brandywine Ave, Schenectady, NY',5000,'http://www.cigna.com');
Insert into CUSTOMERS (CUSTOMER_ID,NAME,ADDRESS,CREDIT_LIMIT,WEBSITE) values (177,'United Continental Holdings','2904 S Salina St, Syracuse, NY',5000,'http://www.unitedcontinentalholdings.com');
Insert into CUSTOMERS (CUSTOMER_ID,NAME,ADDRESS,CREDIT_LIMIT,WEBSITE) values (178,'Allstate','3025 Sussex Ave, Pittsburgh, PA',5000,'http://www.allstate.com');
Insert into CUSTOMERS (CUSTOMER_ID,NAME,ADDRESS,CREDIT_LIMIT,WEBSITE) values (179,'TIAA','932 High St, Lancaster, PA',5000,'http://www.tiaa.org');
Insert into CUSTOMERS (CUSTOMER_ID,NAME,ADDRESS,CREDIT_LIMIT,WEBSITE) values (180,'INTL FCStone','5344 Haverford Ave, Philadelphia, PA',5000,'http://www.intlfcstone.com');
Insert into CUSTOMERS (CUSTOMER_ID,NAME,ADDRESS,CREDIT_LIMIT,WEBSITE) values (181,'CHS','6959 Tulip St, Philadelphia, PA',5000,'http://www.chsinc.com');
Insert into CUSTOMERS (CUSTOMER_ID,NAME,ADDRESS,CREDIT_LIMIT,WEBSITE) values (182,'American Express','511 S Central Ave # A, Baltimore, MD',5000,'http://www.americanexpress.com');
Insert into CUSTOMERS (CUSTOMER_ID,NAME,ADDRESS,CREDIT_LIMIT,WEBSITE) values (183,'Gilead Sciences','400 E Joppa Rd, Baltimore, MD',5000,'http://www.gilead.com');
Insert into CUSTOMERS (CUSTOMER_ID,NAME,ADDRESS,CREDIT_LIMIT,WEBSITE) values (184,'Publix Super Markets','1795 Wu Meng, Muang Chonburi, ',1200,'http://www.publix.com');
Insert into CUSTOMERS (CUSTOMER_ID,NAME,ADDRESS,CREDIT_LIMIT,WEBSITE) values (185,'General Dynamics','1796 Tsing Tao, Muang Nonthaburi, ',1200,'http://www.generaldynamics.com');
Insert into CUSTOMERS (CUSTOMER_ID,NAME,ADDRESS,CREDIT_LIMIT,WEBSITE) values (186,'TJX','1810 Tucker Crt, Mumbai, ',5000,'http://www.tjx.com');
Insert into CUSTOMERS (CUSTOMER_ID,NAME,ADDRESS,CREDIT_LIMIT,WEBSITE) values (187,'ConocoPhillips','Walpurgisstr 69, Munich, ',2400,'http://www.conocophillips.com');
Insert into CUSTOMERS (CUSTOMER_ID,NAME,ADDRESS,CREDIT_LIMIT,WEBSITE) values (188,'Nike','Sendlinger Tor 4, Munich, ',2400,'http://www.nike.com');
Insert into CUSTOMERS (CUSTOMER_ID,NAME,ADDRESS,CREDIT_LIMIT,WEBSITE) values (189,'World Fuel Services','Theresienstr 15, Munich, ',2400,'http://www.wfscorp.com');
Insert into CUSTOMERS (CUSTOMER_ID,NAME,ADDRESS,CREDIT_LIMIT,WEBSITE) values (190,'3M','Via Frenzy 6903, Roma, ',1200,'http://www.3m.com');
Insert into CUSTOMERS (CUSTOMER_ID,NAME,ADDRESS,CREDIT_LIMIT,WEBSITE) values (191,'Mondelez International','1822 Ironweed St, Toronto, ONT',1200,'http://www.mondelezinternational.com');
Insert into CUSTOMERS (CUSTOMER_ID,NAME,ADDRESS,CREDIT_LIMIT,WEBSITE) values (192,'Exelon','Via Luminosa 162, Firenze, ',500,'http://www.exeloncorp.com');
Insert into CUSTOMERS (CUSTOMER_ID,NAME,ADDRESS,CREDIT_LIMIT,WEBSITE) values (193,'Twenty-First Century Fox','Via Notoriosa 1932 Rd, Firenze, ',500,'http://www.21cf.com');
Insert into CUSTOMERS (CUSTOMER_ID,NAME,ADDRESS,CREDIT_LIMIT,WEBSITE) values (194,'Deere','Via Notoriosa 1941, Firenze, ',500,'http://www.johndeere.com');
Insert into CUSTOMERS (CUSTOMER_ID,NAME,ADDRESS,CREDIT_LIMIT,WEBSITE) values (195,'Applied Materials','Via Dolorosa 69, Tellaro, ',700,'http://www.appliedmaterials.com');
Insert into CUSTOMERS (CUSTOMER_ID,NAME,ADDRESS,CREDIT_LIMIT,WEBSITE) values (196,'DuPont','Via Notoriosa 1943, Firenze, ',2400,'http://www.dupont.com');
Insert into CUSTOMERS (CUSTOMER_ID,NAME,ADDRESS,CREDIT_LIMIT,WEBSITE) values (197,'Avnet','Via Luminosa 162, Tellaro, ',700,'http://www.avnet.com');
Insert into CUSTOMERS (CUSTOMER_ID,NAME,ADDRESS,CREDIT_LIMIT,WEBSITE) values (198,'Eastman Chemical','2017 Convoy St, Tokyo, ',2400,'http://www.eastman.com');
Insert into CUSTOMERS (CUSTOMER_ID,NAME,ADDRESS,CREDIT_LIMIT,WEBSITE) values (199,'Macy?s','Via Di Firenze 231, Tellaro, ',700,'http://www.macysinc.com');
Insert into CUSTOMERS (CUSTOMER_ID,NAME,ADDRESS,CREDIT_LIMIT,WEBSITE) values (200,'Enterprise Products Partners','Via Notoriosa 1949, Firenze, ',2400,'http://www.enterpriseproducts.com');
Insert into CUSTOMERS (CUSTOMER_ID,NAME,ADDRESS,CREDIT_LIMIT,WEBSITE) values (201,'Travelers Cos.','Via Frenzy 6903, Tellaro, ',3600,'http://www.travelers.com');
Insert into CUSTOMERS (CUSTOMER_ID,NAME,ADDRESS,CREDIT_LIMIT,WEBSITE) values (202,'Sonic Automotive','Piazza Del Congresso 22, San Giminiano, ',3600,'http://www.sonicautomotive.com');
Insert into CUSTOMERS (CUSTOMER_ID,NAME,ADDRESS,CREDIT_LIMIT,WEBSITE) values (203,'Philip Morris International','Piazza Quattre Stagioni 4, San Giminiano, ',3600,'http://www.pmi.com');
Insert into CUSTOMERS (CUSTOMER_ID,NAME,ADDRESS,CREDIT_LIMIT,WEBSITE) values (204,'Rite Aid','Piazza Cacchiatore 23, San Giminiano, ',3600,'http://www.riteaid.com');
Insert into CUSTOMERS (CUSTOMER_ID,NAME,ADDRESS,CREDIT_LIMIT,WEBSITE) values (205,'Tech Data','Via Notoriosa 1932, Tellaro, ',3600,'http://www.techdata.com');
Insert into CUSTOMERS (CUSTOMER_ID,NAME,ADDRESS,CREDIT_LIMIT,WEBSITE) values (206,'Ally Financial','Via Notoriosa 1949, Ventimiglia, ',3600,'http://www.ally.com');
Insert into CUSTOMERS (CUSTOMER_ID,NAME,ADDRESS,CREDIT_LIMIT,WEBSITE) values (207,'Northwestern Mutual','1831 No Wong, Peking, ',3600,'http://www.northwesternmutual.com');
Insert into CUSTOMERS (CUSTOMER_ID,NAME,ADDRESS,CREDIT_LIMIT,WEBSITE) values (208,'Tesoro','Via Notoriosa 1942, Firenze, ',500,'http://www.tsocorp.com');
Insert into CUSTOMERS (CUSTOMER_ID,NAME,ADDRESS,CREDIT_LIMIT,WEBSITE) values (209,'Time Warner','Via Delle Grazie 11, Tellaro, ',2400,'http://www.timewarner.com');
Insert into CUSTOMERS (CUSTOMER_ID,NAME,ADDRESS,CREDIT_LIMIT,WEBSITE) values (210,'CST Brands','2033 Spartacus St, Samutprakarn, ',3700,'http://www.cstbrands.com');
Insert into CUSTOMERS (CUSTOMER_ID,NAME,ADDRESS,CREDIT_LIMIT,WEBSITE) values (211,'McDonald?s','2034 Sabrina Rd, Samutprakarn, ',3700,'http://www.aboutmcdonalds.com');
Insert into CUSTOMERS (CUSTOMER_ID,NAME,ADDRESS,CREDIT_LIMIT,WEBSITE) values (212,'Qualcomm','Piazza Svizzera, Milano, ',500,'http://www.qualcomm.com');
Insert into CUSTOMERS (CUSTOMER_ID,NAME,ADDRESS,CREDIT_LIMIT,WEBSITE) values (213,'Sears Holdings','Ruella Delle Spiriti, Milano, ',500,'http://www.searsholdings.com');
Insert into CUSTOMERS (CUSTOMER_ID,NAME,ADDRESS,CREDIT_LIMIT,WEBSITE) values (214,'eBay','Via Del Disegno 194, Milano, ',1500,'http://www.ebay.com');
Insert into CUSTOMERS (CUSTOMER_ID,NAME,ADDRESS,CREDIT_LIMIT,WEBSITE) values (215,'Capital One Financial','Via Delle Capeletti 52, San Giminiano, ',1500,'http://www.capitalone.com');
Insert into CUSTOMERS (CUSTOMER_ID,NAME,ADDRESS,CREDIT_LIMIT,WEBSITE) values (216,'EMC','Via Delle Grazie 11, San Giminiano, ',700,'http://www.emc.com');
Insert into CUSTOMERS (CUSTOMER_ID,NAME,ADDRESS,CREDIT_LIMIT,WEBSITE) values (217,'USAA','Via Delli Capelli 2, San Giminiano, ',700,'http://www.usaa.com');
Insert into CUSTOMERS (CUSTOMER_ID,NAME,ADDRESS,CREDIT_LIMIT,WEBSITE) values (218,'Lennar','1592 Silverado St, Bangalore, Kar',700,'http://www.lennar.com');
Insert into CUSTOMERS (CUSTOMER_ID,NAME,ADDRESS,CREDIT_LIMIT,WEBSITE) values (219,'Duke Energy','1593 Silverado St, Bangalore, Kar',5000,'http://www.duke-energy.com');
Insert into CUSTOMERS (CUSTOMER_ID,NAME,ADDRESS,CREDIT_LIMIT,WEBSITE) values (220,'Time Warner Cable','1597 Legend St, Mysore, Kar',3700,'http://www.twc.com');
Insert into CUSTOMERS (CUSTOMER_ID,NAME,ADDRESS,CREDIT_LIMIT,WEBSITE) values (221,'Halliburton','1602 Sholay St, Chennai, Tam',1500,'http://www.halliburton.com');
Insert into CUSTOMERS (CUSTOMER_ID,NAME,ADDRESS,CREDIT_LIMIT,WEBSITE) values (222,'GameStop','1605 Bazigar Crt, Pune, ',5000,'http://www.gamestopcorp.com');
Insert into CUSTOMERS (CUSTOMER_ID,NAME,ADDRESS,CREDIT_LIMIT,WEBSITE) values (223,'Northrop Grumman','1606 Sangam Blvd, New Delhi, ',5000,'http://www.northropgrumman.com');
Insert into CUSTOMERS (CUSTOMER_ID,NAME,ADDRESS,CREDIT_LIMIT,WEBSITE) values (224,'Arrow Electronics','1607 Sangam Blvd, New Delhi, ',5000,'http://www.arrow.com');
Insert into CUSTOMERS (CUSTOMER_ID,NAME,ADDRESS,CREDIT_LIMIT,WEBSITE) values (225,'Reliance Steel & Aluminum','1609 Pakija Rd, New Delhi, ',3700,'http://www.rsac.com');
Insert into CUSTOMERS (CUSTOMER_ID,NAME,ADDRESS,CREDIT_LIMIT,WEBSITE) values (226,'Office Depot','1612 Talaivar St, Chennai, Tam',5000,'http://www.officedepcom');
Insert into CUSTOMERS (CUSTOMER_ID,NAME,ADDRESS,CREDIT_LIMIT,WEBSITE) values (227,'Nordstrom','1613 Victoria St, Calcutta, ',5000,'http://www.nordstrom.com');
Insert into CUSTOMERS (CUSTOMER_ID,NAME,ADDRESS,CREDIT_LIMIT,WEBSITE) values (228,'Kinder Morgan','1614 Gitanjali Rd, Calcutta, ',5000,'http://www.kindermorgan.com');
Insert into CUSTOMERS (CUSTOMER_ID,NAME,ADDRESS,CREDIT_LIMIT,WEBSITE) values (229,'Aramark','1615 Crackers Crt, Chennai - India, ',300,'http://www.aramark.com');
Insert into CUSTOMERS (CUSTOMER_ID,NAME,ADDRESS,CREDIT_LIMIT,WEBSITE) values (230,'DaVita HealthCare Partners','1616 Mr. India Ln, Bombay - India, Kar',300,'http://www.davita.com');
Insert into CUSTOMERS (CUSTOMER_ID,NAME,ADDRESS,CREDIT_LIMIT,WEBSITE) values (231,'Molina Healthcare','1617 Crackers St, Bangalore - India, Kar',300,'http://www.molinahealthcare.com');
Insert into CUSTOMERS (CUSTOMER_ID,NAME,ADDRESS,CREDIT_LIMIT,WEBSITE) values (232,'WellCare Health Plans','1618 Villains St, New Delhi - India, ',1200,'http://www.wellcare.com');
Insert into CUSTOMERS (CUSTOMER_ID,NAME,ADDRESS,CREDIT_LIMIT,WEBSITE) values (233,'CBS','1619 Bowlers Rd, Chandigarh, Har',1200,'http://www.cbscorporation.com');
Insert into CUSTOMERS (CUSTOMER_ID,NAME,ADDRESS,CREDIT_LIMIT,WEBSITE) values (234,'Visa','1620 Sixers Crt, Bombay, Kar',5000,'http://www.visa.com');
Insert into CUSTOMERS (CUSTOMER_ID,NAME,ADDRESS,CREDIT_LIMIT,WEBSITE) values (235,'Lincoln National','1622 Roja St, Chennai, Tam',5000,'http://www.lfg.com');
Insert into CUSTOMERS (CUSTOMER_ID,NAME,ADDRESS,CREDIT_LIMIT,WEBSITE) values (236,'Ecolab','1623 Hey Ram St, Chennai - India, ',5000,'http://www.ecolab.com');
Insert into CUSTOMERS (CUSTOMER_ID,NAME,ADDRESS,CREDIT_LIMIT,WEBSITE) values (237,'Kellogg','1627 Sowdagar St, New Delhi, ',1900,'http://www.kelloggcompany.com');
Insert into CUSTOMERS (CUSTOMER_ID,NAME,ADDRESS,CREDIT_LIMIT,WEBSITE) values (238,'C.H. Robinson Worldwide','1628 Pataudi St, New Delhi, ',1900,'http://www.chrobinson.com');
Insert into CUSTOMERS (CUSTOMER_ID,NAME,ADDRESS,CREDIT_LIMIT,WEBSITE) values (239,'Textron','1632 Splash St, Chandigarh, Har',2500,'http://www.textron.com');
Insert into CUSTOMERS (CUSTOMER_ID,NAME,ADDRESS,CREDIT_LIMIT,WEBSITE) values (240,'Loews','1636 Pretty Blvd, Bangalore, Kar',5000,'http://www.loews.com');
Insert into CUSTOMERS (CUSTOMER_ID,NAME,ADDRESS,CREDIT_LIMIT,WEBSITE) values (241,'Illinois Tool Works','1646 Brazil Blvd, Chennai, Tam',500,'http://www.itw.com');
Insert into CUSTOMERS (CUSTOMER_ID,NAME,ADDRESS,CREDIT_LIMIT,WEBSITE) values (242,'Synnex','1647 Suspense St, Cochin, Ker',500,'http://www.synnex.com');
Insert into CUSTOMERS (CUSTOMER_ID,NAME,ADDRESS,CREDIT_LIMIT,WEBSITE) values (243,'Hormel Foods','1648 Anamika St, Cochin, Ker',500,'http://www.hormelfoods.com');
Insert into CUSTOMERS (CUSTOMER_ID,NAME,ADDRESS,CREDIT_LIMIT,WEBSITE) values (244,'Viacom','1650 Teesri Manjil Crt, Kashmir, ',3700,'http://www.viacom.com');
Insert into CUSTOMERS (CUSTOMER_ID,NAME,ADDRESS,CREDIT_LIMIT,WEBSITE) values (245,'HollyFrontier','1656 Veterans Rd, Chennai, Tam',2500,'http://www.hollyfrontier.com');
Insert into CUSTOMERS (CUSTOMER_ID,NAME,ADDRESS,CREDIT_LIMIT,WEBSITE) values (246,'Land O?Lakes','1662 Talaivar St, Chennai, Tam',1500,'http://www.landolakesinc.com');
Insert into CUSTOMERS (CUSTOMER_ID,NAME,ADDRESS,CREDIT_LIMIT,WEBSITE) values (247,'Celgene','1667 2010 St, Batavia, Ker',500,'http://www.celgene.com');
Insert into CUSTOMERS (CUSTOMER_ID,NAME,ADDRESS,CREDIT_LIMIT,WEBSITE) values (248,'Devon Energy','Piazza Del Congresso 22, Roma, ',3700,'http://www.devonenergy.com');
Insert into CUSTOMERS (CUSTOMER_ID,NAME,ADDRESS,CREDIT_LIMIT,WEBSITE) values (249,'PBF Energy','Piazza Quattre Stagioni 4, Roma, ',3700,'http://www.pbfenergy.com');
Insert into CUSTOMERS (CUSTOMER_ID,NAME,ADDRESS,CREDIT_LIMIT,WEBSITE) values (250,'Genworth Financial','Piazza Svizzera, Roma, ',2400,'http://www.genworth.com');
Insert into CUSTOMERS (CUSTOMER_ID,NAME,ADDRESS,CREDIT_LIMIT,WEBSITE) values (251,'Yum Brands','Ruella Delle Spiriti, Roma, ',500,'http://www.yum.com');
Insert into CUSTOMERS (CUSTOMER_ID,NAME,ADDRESS,CREDIT_LIMIT,WEBSITE) values (252,'Texas Instruments','Via Del Disegno 194, Roma, ',500,'http://www.ti.com');
Insert into CUSTOMERS (CUSTOMER_ID,NAME,ADDRESS,CREDIT_LIMIT,WEBSITE) values (253,'CDW','Via Delle Capeletti 52, Roma, ',500,'http://www.cdw.com');
Insert into CUSTOMERS (CUSTOMER_ID,NAME,ADDRESS,CREDIT_LIMIT,WEBSITE) values (254,'PayPal Holdings','Via Dello Croce 93, Roma, ',1200,'http://www.paypal.com');
Insert into CUSTOMERS (CUSTOMER_ID,NAME,ADDRESS,CREDIT_LIMIT,WEBSITE) values (255,'Waste Management','Via Di Firenze 231, Roma, ',2400,'http://www.wm.com');
Insert into CUSTOMERS (CUSTOMER_ID,NAME,ADDRESS,CREDIT_LIMIT,WEBSITE) values (256,'Marsh & McLennan','Via Dolorosa 69, Roma, ',2400,'http://www.mmc.com');
Insert into CUSTOMERS (CUSTOMER_ID,NAME,ADDRESS,CREDIT_LIMIT,WEBSITE) values (257,'Chesapeake Energy','Via Notoriosa 1942, Ventimiglia, ',700,'http://www.chk.com');
Insert into CUSTOMERS (CUSTOMER_ID,NAME,ADDRESS,CREDIT_LIMIT,WEBSITE) values (258,'Priceline Group','Via Notoriosa 1943, Ventimiglia, ',700,'http://www.pricelinegroup.com');
Insert into CUSTOMERS (CUSTOMER_ID,NAME,ADDRESS,CREDIT_LIMIT,WEBSITE) values (259,'Parker-Hannifin','Canale Grande 2, Roma, ',700,'http://www.parker.com');
Insert into CUSTOMERS (CUSTOMER_ID,NAME,ADDRESS,CREDIT_LIMIT,WEBSITE) values (260,'Occidental Petroleum','Piazza Cacchiatore 23, Roma, ',700,'http://www.oxy.com');
Insert into CUSTOMERS (CUSTOMER_ID,NAME,ADDRESS,CREDIT_LIMIT,WEBSITE) values (261,'Guardian Life Ins. Co. of America','Via Del Disegno 194, San Giminiano, ',600,'http://www.guardianlife.com');
Insert into CUSTOMERS (CUSTOMER_ID,NAME,ADDRESS,CREDIT_LIMIT,WEBSITE) values (262,'MGM Resorts International','Piazza Svizzera, San Giminiano, ',100,'http://www.mgmresorts.com');
Insert into CUSTOMERS (CUSTOMER_ID,NAME,ADDRESS,CREDIT_LIMIT,WEBSITE) values (263,'Farmers Insurance Exchange','Via Dello Croce 93, Tellaro, ',100,'http://www.farmers.com');
Insert into CUSTOMERS (CUSTOMER_ID,NAME,ADDRESS,CREDIT_LIMIT,WEBSITE) values (264,'J.C. Penney','Via Dello Croce 93, San Giminiano, ',400,'http://www.jcpenney.com');
Insert into CUSTOMERS (CUSTOMER_ID,NAME,ADDRESS,CREDIT_LIMIT,WEBSITE) values (265,'Consolidated Edison','Ruella Delle Spiriti, San Giminiano, ',400,'http://www.conedison.com');
Insert into CUSTOMERS (CUSTOMER_ID,NAME,ADDRESS,CREDIT_LIMIT,WEBSITE) values (266,'Autoliv','Via Delle Capeletti 52, San Giminiano, ',400,'http://www.autoliv.com');
Insert into CUSTOMERS (CUSTOMER_ID,NAME,ADDRESS,CREDIT_LIMIT,WEBSITE) values (267,'Cognizant Technology Solutions','Via Delli Capelli 2, Tellaro, ',400,'http://www.cognizant.com');
Insert into CUSTOMERS (CUSTOMER_ID,NAME,ADDRESS,CREDIT_LIMIT,WEBSITE) values (268,'VF','1971 Limelight Blvd, Samutprakarn, ',1200,'http://www.vfc.com');
Insert into CUSTOMERS (CUSTOMER_ID,NAME,ADDRESS,CREDIT_LIMIT,WEBSITE) values (269,'Ameriprise Financial','Harmoniegasse 3, Baden-Daettwil, AG',500,'http://www.ameriprise.com');
Insert into CUSTOMERS (CUSTOMER_ID,NAME,ADDRESS,CREDIT_LIMIT,WEBSITE) values (270,'Fidelity National Financial','Sonnenberg 4, Baden-Daettwil, AG',500,'http://www.fnf.com');
Insert into CUSTOMERS (CUSTOMER_ID,NAME,ADDRESS,CREDIT_LIMIT,WEBSITE) values (271,'Computer Sciences','Alfred E. Neumann-Weg 3, Baden-Daettwil, AG',500,'http://www.csc.com');
Insert into CUSTOMERS (CUSTOMER_ID,NAME,ADDRESS,CREDIT_LIMIT,WEBSITE) values (272,'L Brands','Dr. Herbert Bitto Str 23, Baden-Daettwil, AG',2300,'http://www.lb.com');
Insert into CUSTOMERS (CUSTOMER_ID,NAME,ADDRESS,CREDIT_LIMIT,WEBSITE) values (273,'Jacobs Engineering Group','Taefernstr 4, Baden-Daettwil, AG',2300,'http://www.jacobs.com');
Insert into CUSTOMERS (CUSTOMER_ID,NAME,ADDRESS,CREDIT_LIMIT,WEBSITE) values (274,'Republic Services','Kreuzritterplatz 5, Baden-Daettwil, AG',3500,'http://www.republicservices.com');
Insert into CUSTOMERS (CUSTOMER_ID,NAME,ADDRESS,CREDIT_LIMIT,WEBSITE) values (275,'Principal Financial','Helebardenweg 5, Baden-Daettwil, AG',3500,'http://www.principal.com');
Insert into CUSTOMERS (CUSTOMER_ID,NAME,ADDRESS,CREDIT_LIMIT,WEBSITE) values (276,'Ross Stores','Zum Freundlichen Nachbarn 5, Baden-Daettwil, AG',3500,'http://www.rossstores.com');
Insert into CUSTOMERS (CUSTOMER_ID,NAME,ADDRESS,CREDIT_LIMIT,WEBSITE) values (277,'Bed Bath & Beyond','Ziegenwiese 3, Baden-Daettwil, AG',3500,'http://www.bedbathandbeyond.com');
Insert into CUSTOMERS (CUSTOMER_ID,NAME,ADDRESS,CREDIT_LIMIT,WEBSITE) values (278,'CSX','Am Waldrand 5, Baden-Daettwil, AG',3500,'http://www.csx.com');
Insert into CUSTOMERS (CUSTOMER_ID,NAME,ADDRESS,CREDIT_LIMIT,WEBSITE) values (279,'Toys ?R? Us','Zur Kantine 9, Baden-Daettwil, AG',1200,'http://www.toysrusinc.com');
Insert into CUSTOMERS (CUSTOMER_ID,NAME,ADDRESS,CREDIT_LIMIT,WEBSITE) values (280,'Las Vegas Sands','Grosse Bahnhostrasse 3, Baden-Daettwil, AG',1200,'http://www.sands.com');
Insert into CUSTOMERS (CUSTOMER_ID,NAME,ADDRESS,CREDIT_LIMIT,WEBSITE) values (281,'Leucadia National','Paradeplatz 4, Zuerich, ZH',1200,'http://www.leucadia.com');
Insert into CUSTOMERS (CUSTOMER_ID,NAME,ADDRESS,CREDIT_LIMIT,WEBSITE) values (282,'Dominion Resources','Badenerstr 1941, Zuerich, ZH',3500,'http://www.dom.com');
Insert into CUSTOMERS (CUSTOMER_ID,NAME,ADDRESS,CREDIT_LIMIT,WEBSITE) values (283,'United States Steel','Welschdoerfchen 1941, Chur, ZH',3500,'http://www.ussteel.com');
Insert into CUSTOMERS (CUSTOMER_ID,NAME,ADDRESS,CREDIT_LIMIT,WEBSITE) values (284,'L-3 Communications','Le Reduit, Tschiertschen, GR',1400,'http://www.l-3com.com');
Insert into CUSTOMERS (CUSTOMER_ID,NAME,ADDRESS,CREDIT_LIMIT,WEBSITE) values (285,'Edison International','Bendlehn, Trogen, SG',1400,'http://www.edisoninvestor.com');
Insert into CUSTOMERS (CUSTOMER_ID,NAME,ADDRESS,CREDIT_LIMIT,WEBSITE) values (286,'Entergy','Spisertor 3, St. Gallen, SG',1400,'http://www.entergy.com');
Insert into CUSTOMERS (CUSTOMER_ID,NAME,ADDRESS,CREDIT_LIMIT,WEBSITE) values (287,'ADP','Langstr 14, Zuerich, ZH',700,'http://www.adp.com');
Insert into CUSTOMERS (CUSTOMER_ID,NAME,ADDRESS,CREDIT_LIMIT,WEBSITE) values (288,'First Data','Roessligasse 4, Zurich, ZH',700,'http://www.firstdata.com');
Insert into CUSTOMERS (CUSTOMER_ID,NAME,ADDRESS,CREDIT_LIMIT,WEBSITE) values (289,'BlackRock','Zum Froehlichen Schweizer 3, Zurich, ZH',5000,'http://www.blackrock.com');
Insert into CUSTOMERS (CUSTOMER_ID,NAME,ADDRESS,CREDIT_LIMIT,WEBSITE) values (290,'WestRock','Chrottenweg, Bern, BE',5000,'http://www.westrock.com');
Insert into CUSTOMERS (CUSTOMER_ID,NAME,ADDRESS,CREDIT_LIMIT,WEBSITE) values (291,'Voya Financial','Bruppacher Str 3, Baden-Daettwil, AG',5000,'http://www.voya.com');
Insert into CUSTOMERS (CUSTOMER_ID,NAME,ADDRESS,CREDIT_LIMIT,WEBSITE) values (292,'Sherwin-Williams','Limmatquai, Zuerich, ZH',1800,'http://www.sherwin.com');
Insert into CUSTOMERS (CUSTOMER_ID,NAME,ADDRESS,CREDIT_LIMIT,WEBSITE) values (293,'Hilton Worldwide Holdings','Dreikoenigsstr 3, Zurich, ZH',1800,'http://www.hiltonworldwide.com');
Insert into CUSTOMERS (CUSTOMER_ID,NAME,ADDRESS,CREDIT_LIMIT,WEBSITE) values (294,'Corning','Pfannenstilstr 13, Egg, ZH',2300,'http://www.corning.com');
Insert into CUSTOMERS (CUSTOMER_ID,NAME,ADDRESS,CREDIT_LIMIT,WEBSITE) values (295,'R.R. Donnelley & Sons','Kreuzstr 32, Zurich, ZH',2300,'http://www.rrdonnelley.com');
Insert into CUSTOMERS (CUSTOMER_ID,NAME,ADDRESS,CREDIT_LIMIT,WEBSITE) values (296,'Stanley Black & Decker','1539 Stripes Rd, Baden-Daettwil, AG',2300,'http://www.stanleyblackanddecker.com');
Insert into CUSTOMERS (CUSTOMER_ID,NAME,ADDRESS,CREDIT_LIMIT,WEBSITE) values (297,'Xcel Energy','1540 Stripes Crt, Baden-Daettwil, AG',400,'http://www.xcelenergy.com');
Insert into CUSTOMERS (CUSTOMER_ID,NAME,ADDRESS,CREDIT_LIMIT,WEBSITE) values (298,'Peter Kiewit Sons?','1592 Silverado St, Bangalore, Kar',1400,'http://www.kiewit.com');
Insert into CUSTOMERS (CUSTOMER_ID,NAME,ADDRESS,CREDIT_LIMIT,WEBSITE) values (299,'Murphy USA','1593 Silverado St, Bangalore, Kar',1400,'http://corporate.murphyusa.com');
Insert into CUSTOMERS (CUSTOMER_ID,NAME,ADDRESS,CREDIT_LIMIT,WEBSITE) values (300,'CBRE Group','1596 Commando Blvd, Bangalore, Kar',1200,'http://www.cbre.com');
Insert into CUSTOMERS (CUSTOMER_ID,NAME,ADDRESS,CREDIT_LIMIT,WEBSITE) values (301,'Univar','1598 Legend St, Bangalore, Kar',5000,'http://www.univar.com');
Insert into CUSTOMERS (CUSTOMER_ID,NAME,ADDRESS,CREDIT_LIMIT,WEBSITE) values (302,'D.R. Horton','1599 Legend Rd, Bangalore, Kar',5000,'http://www.drhorton.com');
Insert into CUSTOMERS (CUSTOMER_ID,NAME,ADDRESS,CREDIT_LIMIT,WEBSITE) values (303,'Estee Lauder','1600 Target Crt, Bangalore, Kar',5000,'http://www.elcompanies.com');
Insert into CUSTOMERS (CUSTOMER_ID,NAME,ADDRESS,CREDIT_LIMIT,WEBSITE) values (304,'Praxair','1603 Rebel St, Bangalore, Kar',500,'http://www.praxair.com');
Insert into CUSTOMERS (CUSTOMER_ID,NAME,ADDRESS,CREDIT_LIMIT,WEBSITE) values (305,'Biogen','1604 Volunteers Rd, Bangalore, Kar',500,'http://www.biogen.com');
Insert into CUSTOMERS (CUSTOMER_ID,NAME,ADDRESS,CREDIT_LIMIT,WEBSITE) values (306,'Mosaic','1606 Volunteers Blvd, Bangalore, Kar',3500,'http://www.mosaicco.com');
Insert into CUSTOMERS (CUSTOMER_ID,NAME,ADDRESS,CREDIT_LIMIT,WEBSITE) values (307,'State Street Corp.','1607 Abwdrts St, Bangalore, Kar',3500,'http://www.statestreet.com');
Insert into CUSTOMERS (CUSTOMER_ID,NAME,ADDRESS,CREDIT_LIMIT,WEBSITE) values (308,'Unum Group','1608 Amadeus St, Bangalore, Kar',3500,'http://www.unum.com');
Insert into CUSTOMERS (CUSTOMER_ID,NAME,ADDRESS,CREDIT_LIMIT,WEBSITE) values (309,'Reynolds American','1610 Betrayal Crt, Bangalore, Kar',5000,'http://www.reynoldsamerican.com');
Insert into CUSTOMERS (CUSTOMER_ID,NAME,ADDRESS,CREDIT_LIMIT,WEBSITE) values (310,'Core-Mark Holding','1611 Carmen Blvd, Bangalore, Kar',5000,'http://www.core-mark.com');
Insert into CUSTOMERS (CUSTOMER_ID,NAME,ADDRESS,CREDIT_LIMIT,WEBSITE) values (311,'Group 1 Automotive','1614 Crackers Rd, Bangalore - India, Kar',2300,'http://www.group1auto.com');
Insert into CUSTOMERS (CUSTOMER_ID,NAME,ADDRESS,CREDIT_LIMIT,WEBSITE) values (312,'Henry Schein','1615 Crackers Crt, Bangalore - India, Kar',5000,'http://www.henryschein.com');
Insert into CUSTOMERS (CUSTOMER_ID,NAME,ADDRESS,CREDIT_LIMIT,WEBSITE) values (313,'Hertz Global Holdings','1616 Crackers Blvd, Bangalore - India, Kar',5000,'http://www.hertz.com');
Insert into CUSTOMERS (CUSTOMER_ID,NAME,ADDRESS,CREDIT_LIMIT,WEBSITE) values (314,'Thrivent Financial for Lutherans','1617 Crackers St, Bangalore - India, Kar',900,'http://www.thrivent.com');
Insert into CUSTOMERS (CUSTOMER_ID,NAME,ADDRESS,CREDIT_LIMIT,WEBSITE) values (315,'Norfolk Southern','1618 Footloose St, Bangalore - India, Kar',900,'http://www.nscorp.com');
Insert into CUSTOMERS (CUSTOMER_ID,NAME,ADDRESS,CREDIT_LIMIT,WEBSITE) values (316,'Reinsurance Group of America','1619 Footloose Rd, Bangalore - India, Kar',900,'http://www.rgare.com');
Insert into CUSTOMERS (CUSTOMER_ID,NAME,ADDRESS,CREDIT_LIMIT,WEBSITE) values (317,'Public Service Enterprise Group','1621 Gargon! Blvd, Bangalore - India, Kar',600,'http://www.pseg.com');
Insert into CUSTOMERS (CUSTOMER_ID,NAME,ADDRESS,CREDIT_LIMIT,WEBSITE) values (318,'Cameron International','1667 2010 St, Batavia, IL',200,'http://www.c-a-m.com');
Insert into CUSTOMERS (CUSTOMER_ID,NAME,ADDRESS,CREDIT_LIMIT,WEBSITE) values (319,'BB&T Corp.','1668 Chong Tao, Beijing, ',200,'http://www.bbt.com');
select * from contacts;
Insert into CONTACTS (CONTACT_ID,FIRST_NAME,LAST_NAME,EMAIL,PHONE,CUSTOMER_ID) values (1,'Flor','Stone','flor.stone@raytheon.com','+1 317 123 4104',1);
Insert into CONTACTS (CONTACT_ID,FIRST_NAME,LAST_NAME,EMAIL,PHONE,CUSTOMER_ID) values (2,'Lavera','Emerson','lavera.emerson@plainsallamerican.com','+1 317 123 4111',2);
Insert into CONTACTS (CONTACT_ID,FIRST_NAME,LAST_NAME,EMAIL,PHONE,CUSTOMER_ID) values (3,'Fern','Head','fern.head@usfoods.com','+1 812 123 4115',3);
Insert into CONTACTS (CONTACT_ID,FIRST_NAME,LAST_NAME,EMAIL,PHONE,CUSTOMER_ID) values (4,'Shyla','Ortiz','shyla.ortiz@abbvie.com','+1 317 123 4126',4);
Insert into CONTACTS (CONTACT_ID,FIRST_NAME,LAST_NAME,EMAIL,PHONE,CUSTOMER_ID) values (5,'Jeni','Levy','jeni.levy@centene.com','+1 812 123 4129',5);
Insert into CONTACTS (CONTACT_ID,FIRST_NAME,LAST_NAME,EMAIL,PHONE,CUSTOMER_ID) values (6,'Matthias','Hannah','matthias.hannah@chs.net','+1 219 123 4136',6);
Insert into CONTACTS (CONTACT_ID,FIRST_NAME,LAST_NAME,EMAIL,PHONE,CUSTOMER_ID) values (7,'Matthias','Cruise','matthias.cruise@alcoa.com','+1 219 123 4138',7);
Insert into CONTACTS (CONTACT_ID,FIRST_NAME,LAST_NAME,EMAIL,PHONE,CUSTOMER_ID) values (8,'Meenakshi','Mason','meenakshi.mason@internationalpaper.com','+1 317 123 4141',8);
Insert into CONTACTS (CONTACT_ID,FIRST_NAME,LAST_NAME,EMAIL,PHONE,CUSTOMER_ID) values (9,'Christian','Cage','christian.cage@emerson.com','+1 219 123 4142',9);
Insert into CONTACTS (CONTACT_ID,FIRST_NAME,LAST_NAME,EMAIL,PHONE,CUSTOMER_ID) values (10,'Charlie','Sutherland','charlie.sutherland@up.com','+1 317 123 4146',10);
Insert into CONTACTS (CONTACT_ID,FIRST_NAME,LAST_NAME,EMAIL,PHONE,CUSTOMER_ID) values (11,'Charlie','Pacino','charlie.pacino@amgen.com','+1 812 123 4150',11);
Insert into CONTACTS (CONTACT_ID,FIRST_NAME,LAST_NAME,EMAIL,PHONE,CUSTOMER_ID) values (12,'Guillaume','Jackson','guillaume.jackson@usbank.com','+1 812 123 4151',12);
Insert into CONTACTS (CONTACT_ID,FIRST_NAME,LAST_NAME,EMAIL,PHONE,CUSTOMER_ID) values (13,'Daniel','Costner','daniel.costner@staples.com','+1 812 123 4153',13);
Insert into CONTACTS (CONTACT_ID,FIRST_NAME,LAST_NAME,EMAIL,PHONE,CUSTOMER_ID) values (14,'Dianne','Derek','dianne.derek@danaher.com','+1 812 123 4157',14);
Insert into CONTACTS (CONTACT_ID,FIRST_NAME,LAST_NAME,EMAIL,PHONE,CUSTOMER_ID) values (15,'Geraldine','Schneider','geraldine.schneider@whirlpoolcorp.com','+1 313 123 4159',15);
Insert into CONTACTS (CONTACT_ID,FIRST_NAME,LAST_NAME,EMAIL,PHONE,CUSTOMER_ID) values (16,'Geraldine','Martin','geraldine.martin@aflac.com','+1 313 123 4160',16);
Insert into CONTACTS (CONTACT_ID,FIRST_NAME,LAST_NAME,EMAIL,PHONE,CUSTOMER_ID) values (17,'Guillaume','Edwards','guillaume.edwards@autonation.com','+1 616 123 4162',17);
Insert into CONTACTS (CONTACT_ID,FIRST_NAME,LAST_NAME,EMAIL,PHONE,CUSTOMER_ID) values (18,'Maurice','Mahoney','maurice.mahoney@progressive.com','+1 616 123 4181',18);
Insert into CONTACTS (CONTACT_ID,FIRST_NAME,LAST_NAME,EMAIL,PHONE,CUSTOMER_ID) values (19,'Maurice','Hasan','maurice.hasan@abbott.com','+1 517 123 4191',19);
Insert into CONTACTS (CONTACT_ID,FIRST_NAME,LAST_NAME,EMAIL,PHONE,CUSTOMER_ID) values (20,'Diane','Higgins','diane.higgins@dollargeneral.com','+1 517 123 4199',20);
Insert into CONTACTS (CONTACT_ID,FIRST_NAME,LAST_NAME,EMAIL,PHONE,CUSTOMER_ID) values (21,'Dianne','Sen','dianne.sen@tenethealth.com','+1 517 123 4201',21);
Insert into CONTACTS (CONTACT_ID,FIRST_NAME,LAST_NAME,EMAIL,PHONE,CUSTOMER_ID) values (22,'Maurice','Daltrey','maurice.daltrey@lilly.com','+1 517 123 4206',22);
Insert into CONTACTS (CONTACT_ID,FIRST_NAME,LAST_NAME,EMAIL,PHONE,CUSTOMER_ID) values (23,'Tess','Roth','tess.roth@dteenergy.com','+1 313 123 4219',23);
Insert into CONTACTS (CONTACT_ID,FIRST_NAME,LAST_NAME,EMAIL,PHONE,CUSTOMER_ID) values (24,'Ka','Kaufman','ka.kaufman@southwest.com','+1 313 123 4222',24);
Insert into CONTACTS (CONTACT_ID,FIRST_NAME,LAST_NAME,EMAIL,PHONE,CUSTOMER_ID) values (25,'Sharyl','Montoya','sharyl.montoya@penskeautomotive.com','+1 517 123 4225',25);
Insert into CONTACTS (CONTACT_ID,FIRST_NAME,LAST_NAME,EMAIL,PHONE,CUSTOMER_ID) values (26,'Daniel','Glass','daniel.glass@manpowergroup.com','+1 313 123 4226',26);
Insert into CONTACTS (CONTACT_ID,FIRST_NAME,LAST_NAME,EMAIL,PHONE,CUSTOMER_ID) values (27,'Rena','Arnold','rena.arnold@assurant.com','+1 517 123 4228',27);
Insert into CONTACTS (CONTACT_ID,FIRST_NAME,LAST_NAME,EMAIL,PHONE,CUSTOMER_ID) values (28,'Arlyne','Ingram','arlyne.ingram@kohlscorporation.com','+1 313 123 4230',28);
Insert into CONTACTS (CONTACT_ID,FIRST_NAME,LAST_NAME,EMAIL,PHONE,CUSTOMER_ID) values (29,'Willie','Barrera','willie.barrera@starbucks.com','+1 616 123 4234',29);
Insert into CONTACTS (CONTACT_ID,FIRST_NAME,LAST_NAME,EMAIL,PHONE,CUSTOMER_ID) values (30,'Mireya','Cochran','mireya.cochran@paccar.com','+1 313 123 4242',30);
Insert into CONTACTS (CONTACT_ID,FIRST_NAME,LAST_NAME,EMAIL,PHONE,CUSTOMER_ID) values (31,'Marlene','Odom','marlene.odom@cummins.com','+1 616 123 4245',31);
Insert into CONTACTS (CONTACT_ID,FIRST_NAME,LAST_NAME,EMAIL,PHONE,CUSTOMER_ID) values (32,'Jaclyn','Atkinson','jaclyn.atkinson@globalp.com','+1 313 123 4248',32);
Insert into CONTACTS (CONTACT_ID,FIRST_NAME,LAST_NAME,EMAIL,PHONE,CUSTOMER_ID) values (33,'Al','Schultz','al.schultz@altria.com','+1 517 123 4253',33);
Insert into CONTACTS (CONTACT_ID,FIRST_NAME,LAST_NAME,EMAIL,PHONE,CUSTOMER_ID) values (34,'Felicitas','Riley','felicitas.riley@xerox.com','+1 313 123 4255',34);
Insert into CONTACTS (CONTACT_ID,FIRST_NAME,LAST_NAME,EMAIL,PHONE,CUSTOMER_ID) values (35,'Cora','Calhoun','cora.calhoun@kimberly-clark.com','+1 313 123 4263',35);
Insert into CONTACTS (CONTACT_ID,FIRST_NAME,LAST_NAME,EMAIL,PHONE,CUSTOMER_ID) values (36,'Trula','Buckley','trula.buckley@thehartford.com','+1 517 123 4265',36);
Insert into CONTACTS (CONTACT_ID,FIRST_NAME,LAST_NAME,EMAIL,PHONE,CUSTOMER_ID) values (37,'Sasha','Wallace','sasha.wallace@huntsman.com','+1 319 123 4271',37);
Insert into CONTACTS (CONTACT_ID,FIRST_NAME,LAST_NAME,EMAIL,PHONE,CUSTOMER_ID) values (38,'Caitlin','Hill','caitlin.hill@kraftheinzcompany.com','+1 515 123 4273',38);
Insert into CONTACTS (CONTACT_ID,FIRST_NAME,LAST_NAME,EMAIL,PHONE,CUSTOMER_ID) values (39,'Gino','Pickett','gino.pickett@lear.com','+1 319 123 4278',39);
Insert into CONTACTS (CONTACT_ID,FIRST_NAME,LAST_NAME,EMAIL,PHONE,CUSTOMER_ID) values (40,'Amira','Macdonald','amira.macdonald@fluor.com','+1 712 123 4280',40);
Insert into CONTACTS (CONTACT_ID,FIRST_NAME,LAST_NAME,EMAIL,PHONE,CUSTOMER_ID) values (41,'Mack','Morse','mack.morse@aecom.com','+1 319 123 4282',41);
Insert into CONTACTS (CONTACT_ID,FIRST_NAME,LAST_NAME,EMAIL,PHONE,CUSTOMER_ID) values (42,'Eboni','Jarvis','eboni.jarvis@bd.com','+1 319 123 4288',42);
Insert into CONTACTS (CONTACT_ID,FIRST_NAME,LAST_NAME,EMAIL,PHONE,CUSTOMER_ID) values (43,'Gabrielle','Dennis','gabrielle.dennis@facebook.com','+1 515 123 4290',43);
Insert into CONTACTS (CONTACT_ID,FIRST_NAME,LAST_NAME,EMAIL,PHONE,CUSTOMER_ID) values (44,'Classie','Norris','classie.norris@jabil.com','+1 319 123 4301',44);
Insert into CONTACTS (CONTACT_ID,FIRST_NAME,LAST_NAME,EMAIL,PHONE,CUSTOMER_ID) values (45,'Khalilah','Holman','khalilah.holman@centurylink.com','+1 745 123 4306',45);
Insert into CONTACTS (CONTACT_ID,FIRST_NAME,LAST_NAME,EMAIL,PHONE,CUSTOMER_ID) values (46,'Isreal','Rose','isreal.rose@supervalu.com','+1 414 123 4307',46);
Insert into CONTACTS (CONTACT_ID,FIRST_NAME,LAST_NAME,EMAIL,PHONE,CUSTOMER_ID) values (47,'Verena','Hopper','verena.hopper@generalmills.com','+1 414 123 4308',47);
Insert into CONTACTS (CONTACT_ID,FIRST_NAME,LAST_NAME,EMAIL,PHONE,CUSTOMER_ID) values (48,'Audie','Flores','audie.flores@southerncompany.com','+1 608 123 4309',48);
Insert into CONTACTS (CONTACT_ID,FIRST_NAME,LAST_NAME,EMAIL,PHONE,CUSTOMER_ID) values (49,'Gertrude','Cooke','gertrude.cooke@nexteraenergy.com','+1 608 123 4318',49);
Insert into CONTACTS (CONTACT_ID,FIRST_NAME,LAST_NAME,EMAIL,PHONE,CUSTOMER_ID) values (50,'Princess','Kane','princess.kane@thermofisher.com','+1 414 123 4323',50);
Insert into CONTACTS (CONTACT_ID,FIRST_NAME,LAST_NAME,EMAIL,PHONE,CUSTOMER_ID) values (51,'Jacinta','Faulkner','jacinta.faulkner@aep.com','+1 414 123 4324',51);
Insert into CONTACTS (CONTACT_ID,FIRST_NAME,LAST_NAME,EMAIL,PHONE,CUSTOMER_ID) values (52,'Lashon','Wall','lashon.wall@pge.com','+1 414 123 4328',52);
Insert into CONTACTS (CONTACT_ID,FIRST_NAME,LAST_NAME,EMAIL,PHONE,CUSTOMER_ID) values (53,'Corliss','Mcneil','corliss.mcneil@nglenergypartners.com','+1 608 123 4332',53);
Insert into CONTACTS (CONTACT_ID,FIRST_NAME,LAST_NAME,EMAIL,PHONE,CUSTOMER_ID) values (54,'Brock','Webb','brock.webb@bms.com','+1 608 123 4344',54);
Insert into CONTACTS (CONTACT_ID,FIRST_NAME,LAST_NAME,EMAIL,PHONE,CUSTOMER_ID) values (55,'Melany','Mcmahon','melany.mcmahon@goodyear.com','+1 414 123 4347',55);
Insert into CONTACTS (CONTACT_ID,FIRST_NAME,LAST_NAME,EMAIL,PHONE,CUSTOMER_ID) values (56,'Rogelio','Kirby','rogelio.kirby@nucor.com','+1 414 123 4348',56);
Insert into CONTACTS (CONTACT_ID,FIRST_NAME,LAST_NAME,EMAIL,PHONE,CUSTOMER_ID) values (57,'Wallace','Dillard','wallace.dillard@pnc.com','+1 414 123 4350',57);
Insert into CONTACTS (CONTACT_ID,FIRST_NAME,LAST_NAME,EMAIL,PHONE,CUSTOMER_ID) values (58,'Gia','Boyle','gia.boyle@healthnet.com','+1 745 123 4367',58);
Insert into CONTACTS (CONTACT_ID,FIRST_NAME,LAST_NAME,EMAIL,PHONE,CUSTOMER_ID) values (59,'Tennie','Gay','tennie.gay@micron.com','+1 414 123 4369',59);
Insert into CONTACTS (CONTACT_ID,FIRST_NAME,LAST_NAME,EMAIL,PHONE,CUSTOMER_ID) values (60,'Ophelia','Hurst','ophelia.hurst@colgatepalmolive.com','+1 715 123 4372',60);
Insert into CONTACTS (CONTACT_ID,FIRST_NAME,LAST_NAME,EMAIL,PHONE,CUSTOMER_ID) values (61,'Ciara','Flowers','ciara.flowers@fcx.com','+1 414 123 4373',61);
Insert into CONTACTS (CONTACT_ID,FIRST_NAME,LAST_NAME,EMAIL,PHONE,CUSTOMER_ID) values (62,'Birgit','Stephenson','birgit.stephenson@conagrafoods.com','+1 608 123 4374',62);
Insert into CONTACTS (CONTACT_ID,FIRST_NAME,LAST_NAME,EMAIL,PHONE,CUSTOMER_ID) values (63,'Shameka','Spencer','shameka.spencer@sempra.com','+1 414 123 4376',63);
Insert into CONTACTS (CONTACT_ID,FIRST_NAME,LAST_NAME,EMAIL,PHONE,CUSTOMER_ID) values (64,'Alysa','Kane','alysa.kane@gapinc.com','+1 608 123 4378',64);
Insert into CONTACTS (CONTACT_ID,FIRST_NAME,LAST_NAME,EMAIL,PHONE,CUSTOMER_ID) values (65,'Fransisca','Reeves','fransisca.reeves@bakerhughes.com','+1 414 123 4381',65);
Insert into CONTACTS (CONTACT_ID,FIRST_NAME,LAST_NAME,EMAIL,PHONE,CUSTOMER_ID) values (66,'Jessika','Merritt','jessika.merritt@bnymellon.com','+1 612 123 4397',66);
Insert into CONTACTS (CONTACT_ID,FIRST_NAME,LAST_NAME,EMAIL,PHONE,CUSTOMER_ID) values (67,'Agustina','Conner','agustina.conner@dollartree.com','+1 612 123 4399',67);
Insert into CONTACTS (CONTACT_ID,FIRST_NAME,LAST_NAME,EMAIL,PHONE,CUSTOMER_ID) values (68,'Roxanna','Wade','roxanna.wade@autozone.com','+1 612 123 4408',68);
Insert into CONTACTS (CONTACT_ID,FIRST_NAME,LAST_NAME,EMAIL,PHONE,CUSTOMER_ID) values (69,'Virgie','Mays','virgie.mays@wholefoodsmarket.com','+1 612 123 4417',69);
Insert into CONTACTS (CONTACT_ID,FIRST_NAME,LAST_NAME,EMAIL,PHONE,CUSTOMER_ID) values (70,'Trang','Mcconnell','trang.mcconnell@ppg.com','+1 612 123 4419',70);
Insert into CONTACTS (CONTACT_ID,FIRST_NAME,LAST_NAME,EMAIL,PHONE,CUSTOMER_ID) values (71,'Nada','West','nada.west@genpt.com','+1 507 123 4421',71);
Insert into CONTACTS (CONTACT_ID,FIRST_NAME,LAST_NAME,EMAIL,PHONE,CUSTOMER_ID) values (72,'Catherina','Haney','catherina.haney@ielp.com','+1 218 123 4429',72);
Insert into CONTACTS (CONTACT_ID,FIRST_NAME,LAST_NAME,EMAIL,PHONE,CUSTOMER_ID) values (73,'Harriette','Melton','harriette.melton@navistar.com','+1 612 123 4434',73);
Insert into CONTACTS (CONTACT_ID,FIRST_NAME,LAST_NAME,EMAIL,PHONE,CUSTOMER_ID) values (74,'Willette','Rodgers','willette.rodgers@pfgc.com','+1 315 123 4442',74);
Insert into CONTACTS (CONTACT_ID,FIRST_NAME,LAST_NAME,EMAIL,PHONE,CUSTOMER_ID) values (75,'Calandra','Williamson','calandra.williamson@omnicomgroup.com','+1 315 123 4447',75);
Insert into CONTACTS (CONTACT_ID,FIRST_NAME,LAST_NAME,EMAIL,PHONE,CUSTOMER_ID) values (76,'Tamatha','Delgado','tamatha.delgado@dish.com','+1 716 123 4457',76);
Insert into CONTACTS (CONTACT_ID,FIRST_NAME,LAST_NAME,EMAIL,PHONE,CUSTOMER_ID) values (77,'Felix','Ferguson','felix.ferguson@firstenergycorp.com','+1 518 123 4459',77);
Insert into CONTACTS (CONTACT_ID,FIRST_NAME,LAST_NAME,EMAIL,PHONE,CUSTOMER_ID) values (78,'Elwood','Hampton','elwood.hampton@precast.com','+1 518 123 4464',78);
Insert into CONTACTS (CONTACT_ID,FIRST_NAME,LAST_NAME,EMAIL,PHONE,CUSTOMER_ID) values (79,'Josh','Roach','josh.roach@monsanto.com','+1 518 123 4474',79);
Insert into CONTACTS (CONTACT_ID,FIRST_NAME,LAST_NAME,EMAIL,PHONE,CUSTOMER_ID) values (80,'Luanna','Scott','luanna.scott@aes.com','+1 914 123 4494',80);
Insert into CONTACTS (CONTACT_ID,FIRST_NAME,LAST_NAME,EMAIL,PHONE,CUSTOMER_ID) values (81,'Meryl','Cole','meryl.cole@carmax.com','+1 518 123 4496',81);
Insert into CONTACTS (CONTACT_ID,FIRST_NAME,LAST_NAME,EMAIL,PHONE,CUSTOMER_ID) values (82,'Jannet','Elliott','jannet.elliott@discoverfinancial.com','+1 716 123 4575',82);
Insert into CONTACTS (CONTACT_ID,FIRST_NAME,LAST_NAME,EMAIL,PHONE,CUSTOMER_ID) values (83,'Fae','Glenn','fae.glenn@nov.com','+1 914 123 4578',83);
Insert into CONTACTS (CONTACT_ID,FIRST_NAME,LAST_NAME,EMAIL,PHONE,CUSTOMER_ID) values (84,'Francisco','Cummings','francisco.cummings@nrgenergy.com','+1 315 123 4597',84);
Insert into CONTACTS (CONTACT_ID,FIRST_NAME,LAST_NAME,EMAIL,PHONE,CUSTOMER_ID) values (85,'Ermelinda','Benton','ermelinda.benton@westerndigital.com','+1 716 123 4599',85);
Insert into CONTACTS (CONTACT_ID,FIRST_NAME,LAST_NAME,EMAIL,PHONE,CUSTOMER_ID) values (86,'Lasonya','Beard','lasonya.beard@marriott.com','+1 716 123 4605',86);
Insert into CONTACTS (CONTACT_ID,FIRST_NAME,LAST_NAME,EMAIL,PHONE,CUSTOMER_ID) values (87,'Rayna','Tran','rayna.tran@libertyinteractive.com','+1 518 123 4617',87);
Insert into CONTACTS (CONTACT_ID,FIRST_NAME,LAST_NAME,EMAIL,PHONE,CUSTOMER_ID) values (88,'Annice','Boyer','annice.boyer@walmart.com','+1 518 123 4618',88);
Insert into CONTACTS (CONTACT_ID,FIRST_NAME,LAST_NAME,EMAIL,PHONE,CUSTOMER_ID) values (89,'Ja','Whitfield','ja.whitfield@exxonmobil.com','+1 914 123 4619',89);
Insert into CONTACTS (CONTACT_ID,FIRST_NAME,LAST_NAME,EMAIL,PHONE,CUSTOMER_ID) values (90,'Jaime','Lester','jaime.lester@apple.com','+1 518 123 4624',90);
Insert into CONTACTS (CONTACT_ID,FIRST_NAME,LAST_NAME,EMAIL,PHONE,CUSTOMER_ID) values (91,'Charlsie','Lindsey','charlsie.lindsey@berkshirehathaway.com','+1 215 123 4644',91);
Insert into CONTACTS (CONTACT_ID,FIRST_NAME,LAST_NAME,EMAIL,PHONE,CUSTOMER_ID) values (92,'Jannette','Henry','jannette.henry@mckesson.com','+1 610 123 4657',92);
Insert into CONTACTS (CONTACT_ID,FIRST_NAME,LAST_NAME,EMAIL,PHONE,CUSTOMER_ID) values (93,'Margart','Mccall','margart.mccall@unitedhealthgroup.com','+1 412 123 4662',93);
Insert into CONTACTS (CONTACT_ID,FIRST_NAME,LAST_NAME,EMAIL,PHONE,CUSTOMER_ID) values (94,'Twanna','Cleveland','twanna.cleveland@cvshealth.com','+1 814 123 4663',94);
Insert into CONTACTS (CONTACT_ID,FIRST_NAME,LAST_NAME,EMAIL,PHONE,CUSTOMER_ID) values (95,'Bronwyn','Horn','bronwyn.horn@gm.com','+1 610 123 4664',95);
Insert into CONTACTS (CONTACT_ID,FIRST_NAME,LAST_NAME,EMAIL,PHONE,CUSTOMER_ID) values (96,'Jon','Petersen','jon.petersen@ford.com','+1 610 123 4667',96);
Insert into CONTACTS (CONTACT_ID,FIRST_NAME,LAST_NAME,EMAIL,PHONE,CUSTOMER_ID) values (97,'Denny','Daniel','denny.daniel@att.com','+1 610 123 4669',97);
Insert into CONTACTS (CONTACT_ID,FIRST_NAME,LAST_NAME,EMAIL,PHONE,CUSTOMER_ID) values (98,'Avis','Moore','avis.moore@ge.com','+1 717 123 4674',98);
Insert into CONTACTS (CONTACT_ID,FIRST_NAME,LAST_NAME,EMAIL,PHONE,CUSTOMER_ID) values (99,'Eden','Burke','eden.burke@amerisourcebergen.com','+1 215 123 4676',99);
Insert into CONTACTS (CONTACT_ID,FIRST_NAME,LAST_NAME,EMAIL,PHONE,CUSTOMER_ID) values (100,'Elisha','Lloyd','elisha.lloyd@verizon.com','+1 412 123 4681',100);
Insert into CONTACTS (CONTACT_ID,FIRST_NAME,LAST_NAME,EMAIL,PHONE,CUSTOMER_ID) values (101,'Samara','Barnett','samara.barnett@chevron.com','+1 412 123 4684',101);
Insert into CONTACTS (CONTACT_ID,FIRST_NAME,LAST_NAME,EMAIL,PHONE,CUSTOMER_ID) values (102,'Nadia','Sawyer','nadia.sawyer@costco.com','+1 412 123 4688',102);
Insert into CONTACTS (CONTACT_ID,FIRST_NAME,LAST_NAME,EMAIL,PHONE,CUSTOMER_ID) values (103,'Melita','Holcomb','melita.holcomb@fanniemae.com','+1 412 123 4691',103);
Insert into CONTACTS (CONTACT_ID,FIRST_NAME,LAST_NAME,EMAIL,PHONE,CUSTOMER_ID) values (104,'Evita','Dickerson','evita.dickerson@thekrogerco.com','+1 717 123 4692',104);
Insert into CONTACTS (CONTACT_ID,FIRST_NAME,LAST_NAME,EMAIL,PHONE,CUSTOMER_ID) values (105,'Aundrea','Barry','aundrea.barry@amazon.com','+1 814 123 4696',105);
Insert into CONTACTS (CONTACT_ID,FIRST_NAME,LAST_NAME,EMAIL,PHONE,CUSTOMER_ID) values (106,'Irvin','Leach','irvin.leach@walgreensbootsalliance.com','+1 814 123 4697',106);
Insert into CONTACTS (CONTACT_ID,FIRST_NAME,LAST_NAME,EMAIL,PHONE,CUSTOMER_ID) values (107,'Kellee','Molina','kellee.molina@hp.com','+1 412 123 4700',107);
Insert into CONTACTS (CONTACT_ID,FIRST_NAME,LAST_NAME,EMAIL,PHONE,CUSTOMER_ID) values (108,'Ronny','Sykes','ronny.sykes@cardinal.com','+1 814 123 4706',108);
Insert into CONTACTS (CONTACT_ID,FIRST_NAME,LAST_NAME,EMAIL,PHONE,CUSTOMER_ID) values (109,'Ocie','Walton','ocie.walton@express-scripts.com','+1 215 123 4708',109);
Insert into CONTACTS (CONTACT_ID,FIRST_NAME,LAST_NAME,EMAIL,PHONE,CUSTOMER_ID) values (110,'Reva','Fuller','reva.fuller@jpmorganchase.com','+1 610 123 4714',110);
Insert into CONTACTS (CONTACT_ID,FIRST_NAME,LAST_NAME,EMAIL,PHONE,CUSTOMER_ID) values (111,'Marica','Henderson','marica.henderson@grainger.com','+1 412 123 4718',111);
Insert into CONTACTS (CONTACT_ID,FIRST_NAME,LAST_NAME,EMAIL,PHONE,CUSTOMER_ID) values (112,'Vanetta','Gross','vanetta.gross@boeing.com','+1 215 123 4721',112);
Insert into CONTACTS (CONTACT_ID,FIRST_NAME,LAST_NAME,EMAIL,PHONE,CUSTOMER_ID) values (113,'Audrea','Hayden','audrea.hayden@microsoft.com','+1 814 123 4722',113);
Insert into CONTACTS (CONTACT_ID,FIRST_NAME,LAST_NAME,EMAIL,PHONE,CUSTOMER_ID) values (114,'Neda','Mcfadden','neda.mcfadden@bankofamerica.com','+1 412 123 4724',114);
Insert into CONTACTS (CONTACT_ID,FIRST_NAME,LAST_NAME,EMAIL,PHONE,CUSTOMER_ID) values (115,'Dell','Wilkinson','dell.wilkinson@wellsfargo.com','+1 717 123 4730',115);
Insert into CONTACTS (CONTACT_ID,FIRST_NAME,LAST_NAME,EMAIL,PHONE,CUSTOMER_ID) values (116,'Sharee','Carver','sharee.carver@baxter.com','+1 215 123 4738',116);
Insert into CONTACTS (CONTACT_ID,FIRST_NAME,LAST_NAME,EMAIL,PHONE,CUSTOMER_ID) values (117,'Joaquina','Mcconnell','joaquina.mcconnell@homedepcom','+1 717 123 4739',117);
Insert into CONTACTS (CONTACT_ID,FIRST_NAME,LAST_NAME,EMAIL,PHONE,CUSTOMER_ID) values (118,'Carlyn','Calderon','carlyn.calderon@citigroup.com','+1 412 123 4740',118);
Insert into CONTACTS (CONTACT_ID,FIRST_NAME,LAST_NAME,EMAIL,PHONE,CUSTOMER_ID) values (119,'Olga','Wilkins','olga.wilkins@phillips66.com','+1 717 123 4741',119);
Insert into CONTACTS (CONTACT_ID,FIRST_NAME,LAST_NAME,EMAIL,PHONE,CUSTOMER_ID) values (120,'Delpha','Golden','delpha.golden@stryker.com','+1 215 123 4743',120);
Insert into CONTACTS (CONTACT_ID,FIRST_NAME,LAST_NAME,EMAIL,PHONE,CUSTOMER_ID) values (121,'Sharell','Branch','sharell.branch@ibm.com','+1 610 123 4744',121);
Insert into CONTACTS (CONTACT_ID,FIRST_NAME,LAST_NAME,EMAIL,PHONE,CUSTOMER_ID) values (122,'Eleanor','Farley','eleanor.farley@valero.com','+1 215 123 4745',122);
Insert into CONTACTS (CONTACT_ID,FIRST_NAME,LAST_NAME,EMAIL,PHONE,CUSTOMER_ID) values (123,'Justina','Hayes','justina.hayes@antheminc.com','+1 717 123 4746',123);
Insert into CONTACTS (CONTACT_ID,FIRST_NAME,LAST_NAME,EMAIL,PHONE,CUSTOMER_ID) values (124,'Omer','Macdonald','omer.macdonald@pg.com','+1 215 123 4748',124);
Insert into CONTACTS (CONTACT_ID,FIRST_NAME,LAST_NAME,EMAIL,PHONE,CUSTOMER_ID) values (125,'Roseline','Hill','roseline.hill@airproducts.com','+1 717 123 4752',125);
Insert into CONTACTS (CONTACT_ID,FIRST_NAME,LAST_NAME,EMAIL,PHONE,CUSTOMER_ID) values (126,'Janeen','Holt','janeen.holt@statefarm.com','+1 412 123 4763',126);
Insert into CONTACTS (CONTACT_ID,FIRST_NAME,LAST_NAME,EMAIL,PHONE,CUSTOMER_ID) values (127,'Tory','Avila','tory.avila@google.com','+1 814 123 4766',127);
Insert into CONTACTS (CONTACT_ID,FIRST_NAME,LAST_NAME,EMAIL,PHONE,CUSTOMER_ID) values (128,'Keila','Slater','keila.slater@comcastcorporation.com','+1 412 123 4767',128);
Insert into CONTACTS (CONTACT_ID,FIRST_NAME,LAST_NAME,EMAIL,PHONE,CUSTOMER_ID) values (129,'Jazmin','Burch','jazmin.burch@target.com','+1 215 123 4768',129);
Insert into CONTACTS (CONTACT_ID,FIRST_NAME,LAST_NAME,EMAIL,PHONE,CUSTOMER_ID) values (130,'Tandy','Ramsey','tandy.ramsey@wnr.com','+1 215 123 4771',130);
Insert into CONTACTS (CONTACT_ID,FIRST_NAME,LAST_NAME,EMAIL,PHONE,CUSTOMER_ID) values (131,'Debra','Herring','debra.herring@jnj.com','+1 301 123 4794',131);
Insert into CONTACTS (CONTACT_ID,FIRST_NAME,LAST_NAME,EMAIL,PHONE,CUSTOMER_ID) values (132,'Monnie','Walker','monnie.walker@metlife.com','+1 410 123 4795',132);
Insert into CONTACTS (CONTACT_ID,FIRST_NAME,LAST_NAME,EMAIL,PHONE,CUSTOMER_ID) values (133,'Alvaro','Hooper','alvaro.hooper@adm.com','+1 410 123 4800',133);
Insert into CONTACTS (CONTACT_ID,FIRST_NAME,LAST_NAME,EMAIL,PHONE,CUSTOMER_ID) values (134,'Leandro','West','leandro.west@marathonpetroleum.com','+1 410 123 4805',134);
Insert into CONTACTS (CONTACT_ID,FIRST_NAME,LAST_NAME,EMAIL,PHONE,CUSTOMER_ID) values (135,'Lurline','Dennis','lurline.dennis@freddiemac.com','+1 410 012 4715',135);
Insert into CONTACTS (CONTACT_ID,FIRST_NAME,LAST_NAME,EMAIL,PHONE,CUSTOMER_ID) values (136,'Aurea','Sanders','aurea.sanders@pepsico.com','+1 301 123 4809',136);
Insert into CONTACTS (CONTACT_ID,FIRST_NAME,LAST_NAME,EMAIL,PHONE,CUSTOMER_ID) values (137,'Stacia','Rutledge','stacia.rutledge@utc.com','+1 410 123 4812',137);
Insert into CONTACTS (CONTACT_ID,FIRST_NAME,LAST_NAME,EMAIL,PHONE,CUSTOMER_ID) values (138,'Philomena','Elliott','philomena.elliott@aetna.com','+1 410 123 4813',138);
Insert into CONTACTS (CONTACT_ID,FIRST_NAME,LAST_NAME,EMAIL,PHONE,CUSTOMER_ID) values (139,'Gonzalo','Stone','gonzalo.stone@lowes.com','+1 301 123 4814',139);
Insert into CONTACTS (CONTACT_ID,FIRST_NAME,LAST_NAME,EMAIL,PHONE,CUSTOMER_ID) values (140,'So','Hardin','so.hardin@ups.com','+1 410 123 4816',140);
Insert into CONTACTS (CONTACT_ID,FIRST_NAME,LAST_NAME,EMAIL,PHONE,CUSTOMER_ID) values (141,'Lauren','Rodriquez','lauren.rodriquez@aig.com','+1 410 123 4817',141);
Insert into CONTACTS (CONTACT_ID,FIRST_NAME,LAST_NAME,EMAIL,PHONE,CUSTOMER_ID) values (142,'Loan','Patton','loan.patton@prudential.com','+1 301 123 4818',142);
Insert into CONTACTS (CONTACT_ID,FIRST_NAME,LAST_NAME,EMAIL,PHONE,CUSTOMER_ID) values (143,'Ha','Lowe','ha.lowe@intel.com','+1 301 123 4819',143);
Insert into CONTACTS (CONTACT_ID,FIRST_NAME,LAST_NAME,EMAIL,PHONE,CUSTOMER_ID) values (144,'Alexandra','Mcgowan','alexandra.mcgowan@humana.com','+1 410 123 4822',144);
Insert into CONTACTS (CONTACT_ID,FIRST_NAME,LAST_NAME,EMAIL,PHONE,CUSTOMER_ID) values (145,'Melissa','Nichols','melissa.nichols@disney.com','+1 410 123 4840',145);
Insert into CONTACTS (CONTACT_ID,FIRST_NAME,LAST_NAME,EMAIL,PHONE,CUSTOMER_ID) values (146,'Keesha','Cohen','keesha.cohen@cisco.com','+1 414 123 4363',146);
Insert into CONTACTS (CONTACT_ID,FIRST_NAME,LAST_NAME,EMAIL,PHONE,CUSTOMER_ID) values (147,'Elvera','Benson','elvera.benson@pfizer.com','+1 507 123 4387',147);
Insert into CONTACTS (CONTACT_ID,FIRST_NAME,LAST_NAME,EMAIL,PHONE,CUSTOMER_ID) values (148,'Lanora','Ray','lanora.ray@dow.com','+1 612 123 4436',148);
Insert into CONTACTS (CONTACT_ID,FIRST_NAME,LAST_NAME,EMAIL,PHONE,CUSTOMER_ID) values (149,'Jimmy','Weber','jimmy.weber@sysco.com','+1 219 123 4145',149);
Insert into CONTACTS (CONTACT_ID,FIRST_NAME,LAST_NAME,EMAIL,PHONE,CUSTOMER_ID) values (150,'Mae','Wilkinson','mae.wilkinson@fedex.com','+1 616 123 4190',150);
Insert into CONTACTS (CONTACT_ID,FIRST_NAME,LAST_NAME,EMAIL,PHONE,CUSTOMER_ID) values (151,'Lino','Noble','lino.noble@caterpillar.com','+1 313 123 4241',151);
Insert into CONTACTS (CONTACT_ID,FIRST_NAME,LAST_NAME,EMAIL,PHONE,CUSTOMER_ID) values (152,'Kathie','Jordan','kathie.jordan@lockheedmartin.com','+1 616 123 4259',152);
Insert into CONTACTS (CONTACT_ID,FIRST_NAME,LAST_NAME,EMAIL,PHONE,CUSTOMER_ID) values (153,'Heike','Emerson','heike.emerson@newyorklife.com','+1 319 123 4269',153);
Insert into CONTACTS (CONTACT_ID,FIRST_NAME,LAST_NAME,EMAIL,PHONE,CUSTOMER_ID) values (154,'Princess','Jones','princess.jones@uhsinc.com','+1 712 123 4284',154);
Insert into CONTACTS (CONTACT_ID,FIRST_NAME,LAST_NAME,EMAIL,PHONE,CUSTOMER_ID) values (155,'Doretha','Tyler','doretha.tyler@coca-colacompany.com','+1 712 123 4289',155);
Insert into CONTACTS (CONTACT_ID,FIRST_NAME,LAST_NAME,EMAIL,PHONE,CUSTOMER_ID) values (156,'Emilio','Duncan','emilio.duncan@hcahealthcare.com','+1 414 123 4312',156);
Insert into CONTACTS (CONTACT_ID,FIRST_NAME,LAST_NAME,EMAIL,PHONE,CUSTOMER_ID) values (157,'Glinda','Lambert','glinda.lambert@ingrammicro.com','+1 414 123 4364',157);
Insert into CONTACTS (CONTACT_ID,FIRST_NAME,LAST_NAME,EMAIL,PHONE,CUSTOMER_ID) values (158,'Emery','Schneider','emery.schneider@owens-minor.com','+1 320 123 4385',158);
Insert into CONTACTS (CONTACT_ID,FIRST_NAME,LAST_NAME,EMAIL,PHONE,CUSTOMER_ID) values (159,'Amado','Jefferson','amado.jefferson@energytransfer.com','+1 612 123 4407',159);
Insert into CONTACTS (CONTACT_ID,FIRST_NAME,LAST_NAME,EMAIL,PHONE,CUSTOMER_ID) values (160,'Hisako','Herrera','hisako.herrera@tysonfoods.com','+1 716 123 4456',160);
Insert into CONTACTS (CONTACT_ID,FIRST_NAME,LAST_NAME,EMAIL,PHONE,CUSTOMER_ID) values (161,'Jamee','Mclaughlin','jamee.mclaughlin@aa.com','+1 716 123 4582',161);
Insert into CONTACTS (CONTACT_ID,FIRST_NAME,LAST_NAME,EMAIL,PHONE,CUSTOMER_ID) values (162,'Audrie','Cannon','audrie.cannon@delta.com','+1 716 123 4627',162);
Insert into CONTACTS (CONTACT_ID,FIRST_NAME,LAST_NAME,EMAIL,PHONE,CUSTOMER_ID) values (163,'Lacey','Walters','lacey.walters@charter.com','+1 412 123 4677',163);
Insert into CONTACTS (CONTACT_ID,FIRST_NAME,LAST_NAME,EMAIL,PHONE,CUSTOMER_ID) values (164,'Weldon','Robinson','weldon.robinson@nationwide.com','+1 215 123 4702',164);
Insert into CONTACTS (CONTACT_ID,FIRST_NAME,LAST_NAME,EMAIL,PHONE,CUSTOMER_ID) values (165,'Solange','Gates','solange.gates@johnsoncontrols.com','+1 215 123 4749',165);
Insert into CONTACTS (CONTACT_ID,FIRST_NAME,LAST_NAME,EMAIL,PHONE,CUSTOMER_ID) values (166,'Jame','Calhoun','jame.calhoun@bestbuy.com','+1 814 123 4755',166);
Insert into CONTACTS (CONTACT_ID,FIRST_NAME,LAST_NAME,EMAIL,PHONE,CUSTOMER_ID) values (167,'Stefan','Walters','stefan.walters@merck.com','+1 301 123 4831',167);
Insert into CONTACTS (CONTACT_ID,FIRST_NAME,LAST_NAME,EMAIL,PHONE,CUSTOMER_ID) values (168,'Arlene','Elliott','arlene.elliott@advanceautoparts.com','+1 313 123 4167',168);
Insert into CONTACTS (CONTACT_ID,FIRST_NAME,LAST_NAME,EMAIL,PHONE,CUSTOMER_ID) values (169,'Sofia','Burnett','sofia.burnett@libertymutual.com','+1 219 123 4116',169);
Insert into CONTACTS (CONTACT_ID,FIRST_NAME,LAST_NAME,EMAIL,PHONE,CUSTOMER_ID) values (170,'Christal','Grant','christal.grant@gs.com','+1 616 123 4166',170);
Insert into CONTACTS (CONTACT_ID,FIRST_NAME,LAST_NAME,EMAIL,PHONE,CUSTOMER_ID) values (171,'Violeta','Stokes','violeta.stokes@honeywell.com','+1 810 123 4212',171);
Insert into CONTACTS (CONTACT_ID,FIRST_NAME,LAST_NAME,EMAIL,PHONE,CUSTOMER_ID) values (172,'Jackeline','Finley','jackeline.finley@mastercard.com','+1 313 123 4240',172);
Insert into CONTACTS (CONTACT_ID,FIRST_NAME,LAST_NAME,EMAIL,PHONE,CUSTOMER_ID) values (173,'Heidy','Massey','heidy.massey@massmutual.com','+1 414 123 4340',173);
Insert into CONTACTS (CONTACT_ID,FIRST_NAME,LAST_NAME,EMAIL,PHONE,CUSTOMER_ID) values (174,'Yolando','Wilkerson','yolando.wilkerson@oracle.com','+1 716 123 4485',174);
Insert into CONTACTS (CONTACT_ID,FIRST_NAME,LAST_NAME,EMAIL,PHONE,CUSTOMER_ID) values (175,'Lucinda','Hurley','lucinda.hurley@morganstanley.com','+1 518 123 4532',175);
Insert into CONTACTS (CONTACT_ID,FIRST_NAME,LAST_NAME,EMAIL,PHONE,CUSTOMER_ID) values (176,'Gita','Logan','gita.logan@cigna.com','+1 518 123 4562',176);
Insert into CONTACTS (CONTACT_ID,FIRST_NAME,LAST_NAME,EMAIL,PHONE,CUSTOMER_ID) values (177,'Felicita','Alston','felicita.alston@unitedcontinentalholdings.com','+1 315 123 4585',177);
Insert into CONTACTS (CONTACT_ID,FIRST_NAME,LAST_NAME,EMAIL,PHONE,CUSTOMER_ID) values (178,'Lela','Ewing','lela.ewing@allstate.com','+1 412 123 4659',178);
Insert into CONTACTS (CONTACT_ID,FIRST_NAME,LAST_NAME,EMAIL,PHONE,CUSTOMER_ID) values (179,'Gabriel','Pollard','gabriel.pollard@tiaa.org','+1 717 123 4679',179);
Insert into CONTACTS (CONTACT_ID,FIRST_NAME,LAST_NAME,EMAIL,PHONE,CUSTOMER_ID) values (180,'Vincenza','Walton','vincenza.walton@intlfcstone.com','+1 215 123 4709',180);
Insert into CONTACTS (CONTACT_ID,FIRST_NAME,LAST_NAME,EMAIL,PHONE,CUSTOMER_ID) values (181,'Shandra','Higgins','shandra.higgins@chsinc.com','+1 215 123 4751',181);
Insert into CONTACTS (CONTACT_ID,FIRST_NAME,LAST_NAME,EMAIL,PHONE,CUSTOMER_ID) values (182,'Thomasena','Pickett','thomasena.pickett@americanexpress.com','+1 410 123 4807',182);
Insert into CONTACTS (CONTACT_ID,FIRST_NAME,LAST_NAME,EMAIL,PHONE,CUSTOMER_ID) values (183,'Aaron','Holder','aaron.holder@gilead.com','+1 410 123 4829',183);
Insert into CONTACTS (CONTACT_ID,FIRST_NAME,LAST_NAME,EMAIL,PHONE,CUSTOMER_ID) values (184,'Carlos','Moody','carlos.moody@publix.com','+86 811 012 4093',184);
Insert into CONTACTS (CONTACT_ID,FIRST_NAME,LAST_NAME,EMAIL,PHONE,CUSTOMER_ID) values (185,'Javier','Kim','javier.kim@generaldynamics.com','+86 123 012 4095',185);
Insert into CONTACTS (CONTACT_ID,FIRST_NAME,LAST_NAME,EMAIL,PHONE,CUSTOMER_ID) values (186,'Fran','Battle','fran.battle@tjx.com','+91 80 012 4123',186);
Insert into CONTACTS (CONTACT_ID,FIRST_NAME,LAST_NAME,EMAIL,PHONE,CUSTOMER_ID) values (187,'Shelia','Brewer','shelia.brewer@conocophillips.com','+49 89 012 4129',187);
Insert into CONTACTS (CONTACT_ID,FIRST_NAME,LAST_NAME,EMAIL,PHONE,CUSTOMER_ID) values (188,'Jeri','Randall','jeri.randall@nike.com','+49 90 012 4131',188);
Insert into CONTACTS (CONTACT_ID,FIRST_NAME,LAST_NAME,EMAIL,PHONE,CUSTOMER_ID) values (189,'Jermaine','Cote','jermaine.cote@wfscorp.com','+49 91 012 4133',189);
Insert into CONTACTS (CONTACT_ID,FIRST_NAME,LAST_NAME,EMAIL,PHONE,CUSTOMER_ID) values (190,'Kenneth','Simmons','kenneth.simmons@3m.com','+39 6 012 4543',190);
Insert into CONTACTS (CONTACT_ID,FIRST_NAME,LAST_NAME,EMAIL,PHONE,CUSTOMER_ID) values (191,'Dulce','Matthews','dulce.matthews@mondelezinternational.com','+1 416 012 4147',191);
Insert into CONTACTS (CONTACT_ID,FIRST_NAME,LAST_NAME,EMAIL,PHONE,CUSTOMER_ID) values (192,'Kristle','Cain','kristle.cain@exeloncorp.com','+39 55 012 4547',192);
Insert into CONTACTS (CONTACT_ID,FIRST_NAME,LAST_NAME,EMAIL,PHONE,CUSTOMER_ID) values (193,'Erika','Murray','erika.murray@21cf.com','+39 55 012 4551',193);
Insert into CONTACTS (CONTACT_ID,FIRST_NAME,LAST_NAME,EMAIL,PHONE,CUSTOMER_ID) values (194,'Maud','Cohen','maud.cohen@johndeere.com','+39 55 012 4555',194);
Insert into CONTACTS (CONTACT_ID,FIRST_NAME,LAST_NAME,EMAIL,PHONE,CUSTOMER_ID) values (195,'Rolanda','Vang','rolanda.vang@appliedmaterials.com','+39 10 012 4365',195);
Insert into CONTACTS (CONTACT_ID,FIRST_NAME,LAST_NAME,EMAIL,PHONE,CUSTOMER_ID) values (196,'Renea','Carney','renea.carney@dupont.com','+39 55 012 4565',196);
Insert into CONTACTS (CONTACT_ID,FIRST_NAME,LAST_NAME,EMAIL,PHONE,CUSTOMER_ID) values (197,'Sybil','Harding','sybil.harding@avnet.com','+39 10 012 4367',197);
Insert into CONTACTS (CONTACT_ID,FIRST_NAME,LAST_NAME,EMAIL,PHONE,CUSTOMER_ID) values (198,'Colette','Estrada','colette.estrada@eastman.com','+81 565 012 4567',198);
Insert into CONTACTS (CONTACT_ID,FIRST_NAME,LAST_NAME,EMAIL,PHONE,CUSTOMER_ID) values (199,'Maximo','Ortega','maximo.ortega@macysinc.com','+39 10 012 4369',199);
Insert into CONTACTS (CONTACT_ID,FIRST_NAME,LAST_NAME,EMAIL,PHONE,CUSTOMER_ID) values (200,'Kina','Larsen','kina.larsen@enterpriseproducts.com','+39 55 012 4569',200);
Insert into CONTACTS (CONTACT_ID,FIRST_NAME,LAST_NAME,EMAIL,PHONE,CUSTOMER_ID) values (201,'Jarvis','Allison','jarvis.allison@travelers.com','+39 10 012 4371',201);
Insert into CONTACTS (CONTACT_ID,FIRST_NAME,LAST_NAME,EMAIL,PHONE,CUSTOMER_ID) values (202,'Collene','Newton','collene.newton@sonicautomotive.com','+39 49 012 4373',202);
Insert into CONTACTS (CONTACT_ID,FIRST_NAME,LAST_NAME,EMAIL,PHONE,CUSTOMER_ID) values (203,'Vella','Hancock','vella.hancock@pmi.com','+39 49 012 4375',203);
Insert into CONTACTS (CONTACT_ID,FIRST_NAME,LAST_NAME,EMAIL,PHONE,CUSTOMER_ID) values (204,'Retta','Martinez','retta.martinez@riteaid.com','+39 49 012 4377',204);
Insert into CONTACTS (CONTACT_ID,FIRST_NAME,LAST_NAME,EMAIL,PHONE,CUSTOMER_ID) values (205,'Annelle','Lawrence','annelle.lawrence@techdata.com','+39 10 012 4379',205);
Insert into CONTACTS (CONTACT_ID,FIRST_NAME,LAST_NAME,EMAIL,PHONE,CUSTOMER_ID) values (206,'Sherron','Simon','sherron.simon@ally.com','+39 10 012 4381',206);
Insert into CONTACTS (CONTACT_ID,FIRST_NAME,LAST_NAME,EMAIL,PHONE,CUSTOMER_ID) values (207,'Carita','Mcintyre','carita.mcintyre@northwesternmutual.com','+86 10 012 4165',207);
Insert into CONTACTS (CONTACT_ID,FIRST_NAME,LAST_NAME,EMAIL,PHONE,CUSTOMER_ID) values (208,'Stephaine','Booker','stephaine.booker@tsocorp.com','+39 55 012 4559',208);
Insert into CONTACTS (CONTACT_ID,FIRST_NAME,LAST_NAME,EMAIL,PHONE,CUSTOMER_ID) values (209,'Emilie','Parsons','emilie.parsons@timewarner.com','+39 10 012 4363',209);
Insert into CONTACTS (CONTACT_ID,FIRST_NAME,LAST_NAME,EMAIL,PHONE,CUSTOMER_ID) values (210,'Jaleesa','Bowen','jaleesa.bowen@cstbrands.com','+66 76 012 4633',210);
Insert into CONTACTS (CONTACT_ID,FIRST_NAME,LAST_NAME,EMAIL,PHONE,CUSTOMER_ID) values (211,'Jeannie','Poole','jeannie.poole@aboutmcdonalds.com','+91 80 012 4637',211);
Insert into CONTACTS (CONTACT_ID,FIRST_NAME,LAST_NAME,EMAIL,PHONE,CUSTOMER_ID) values (212,'Adrienne','Lang','adrienne.lang@qualcomm.com','+39 2 012 4771',212);
Insert into CONTACTS (CONTACT_ID,FIRST_NAME,LAST_NAME,EMAIL,PHONE,CUSTOMER_ID) values (213,'Jess','Nguyen','jess.nguyen@searsholdings.com','+39 2 012 4773',213);
Insert into CONTACTS (CONTACT_ID,FIRST_NAME,LAST_NAME,EMAIL,PHONE,CUSTOMER_ID) values (214,'Tandy','House','tandy.house@ebay.com','+39 2 012 4775',214);
Insert into CONTACTS (CONTACT_ID,FIRST_NAME,LAST_NAME,EMAIL,PHONE,CUSTOMER_ID) values (215,'Herman','Stokes','herman.stokes@capitalone.com','+39 49 012 4777',215);
Insert into CONTACTS (CONTACT_ID,FIRST_NAME,LAST_NAME,EMAIL,PHONE,CUSTOMER_ID) values (216,'Keesha','Lambert','keesha.lambert@emc.com','+39 49 012 4779',216);
Insert into CONTACTS (CONTACT_ID,FIRST_NAME,LAST_NAME,EMAIL,PHONE,CUSTOMER_ID) values (217,'Lauren','Williamson','lauren.williamson@usaa.com','+39 49 012 4781',217);
Insert into CONTACTS (CONTACT_ID,FIRST_NAME,LAST_NAME,EMAIL,PHONE,CUSTOMER_ID) values (218,'Lucius','Abbott','lucius.abbott@lennar.com','+91 80 012 4783',218);
Insert into CONTACTS (CONTACT_ID,FIRST_NAME,LAST_NAME,EMAIL,PHONE,CUSTOMER_ID) values (219,'Beatrice','Ford','beatrice.ford@duke-energy.com','+91 80 012 4785',219);
Insert into CONTACTS (CONTACT_ID,FIRST_NAME,LAST_NAME,EMAIL,PHONE,CUSTOMER_ID) values (220,'Tamisha','Vargas','tamisha.vargas@twc.com','+91 80 012 4793',220);
Insert into CONTACTS (CONTACT_ID,FIRST_NAME,LAST_NAME,EMAIL,PHONE,CUSTOMER_ID) values (221,'Dick','Lamb','dick.lamb@halliburton.com','+91 80 012 4803',221);
Insert into CONTACTS (CONTACT_ID,FIRST_NAME,LAST_NAME,EMAIL,PHONE,CUSTOMER_ID) values (222,'Yolanda','Ball','yolanda.ball@gamestopcorp.com','+91 80 012 4809',222);
Insert into CONTACTS (CONTACT_ID,FIRST_NAME,LAST_NAME,EMAIL,PHONE,CUSTOMER_ID) values (223,'Jerica','Brooks','jerica.brooks@northropgrumman.com','+91 11 012 4811',223);
Insert into CONTACTS (CONTACT_ID,FIRST_NAME,LAST_NAME,EMAIL,PHONE,CUSTOMER_ID) values (224,'Nichol','Carter','nichol.carter@arrow.com','+91 11 012 4813',224);
Insert into CONTACTS (CONTACT_ID,FIRST_NAME,LAST_NAME,EMAIL,PHONE,CUSTOMER_ID) values (225,'Bobby','Wilson','bobby.wilson@rsac.com','+91 11 012 4817',225);
Insert into CONTACTS (CONTACT_ID,FIRST_NAME,LAST_NAME,EMAIL,PHONE,CUSTOMER_ID) values (226,'Eve','Saunders','eve.saunders@officedepcom','+91 80 012 4823',226);
Insert into CONTACTS (CONTACT_ID,FIRST_NAME,LAST_NAME,EMAIL,PHONE,CUSTOMER_ID) values (227,'Ginger','Atkinson','ginger.atkinson@nordstrom.com','+91 33 012 4825',227);
Insert into CONTACTS (CONTACT_ID,FIRST_NAME,LAST_NAME,EMAIL,PHONE,CUSTOMER_ID) values (228,'Kenton','Harrell','kenton.harrell@kindermorgan.com','+91 33 012 4827',228);
Insert into CONTACTS (CONTACT_ID,FIRST_NAME,LAST_NAME,EMAIL,PHONE,CUSTOMER_ID) values (229,'Misti','Velazquez','misti.velazquez@aramark.com','+91 80 012 4829',229);
Insert into CONTACTS (CONTACT_ID,FIRST_NAME,LAST_NAME,EMAIL,PHONE,CUSTOMER_ID) values (230,'Brandie','Buchanan','brandie.buchanan@davita.com','+91 22 012 4831',230);
Insert into CONTACTS (CONTACT_ID,FIRST_NAME,LAST_NAME,EMAIL,PHONE,CUSTOMER_ID) values (231,'Kandi','Holden','kandi.holden@molinahealthcare.com','+91 80 012 4833',231);
Insert into CONTACTS (CONTACT_ID,FIRST_NAME,LAST_NAME,EMAIL,PHONE,CUSTOMER_ID) values (232,'Lashonda','Cunningham','lashonda.cunningham@wellcare.com','+91 11 012 4835',232);
Insert into CONTACTS (CONTACT_ID,FIRST_NAME,LAST_NAME,EMAIL,PHONE,CUSTOMER_ID) values (233,'Roxanne','Michalkow','roxanne.michalkow@cbscorporation.com','+91 172 012 4837',233);
Insert into CONTACTS (CONTACT_ID,FIRST_NAME,LAST_NAME,EMAIL,PHONE,CUSTOMER_ID) values (234,'Phuong','Sanders','phuong.sanders@visa.com','+91 22 012 4839',234);
Insert into CONTACTS (CONTACT_ID,FIRST_NAME,LAST_NAME,EMAIL,PHONE,CUSTOMER_ID) values (235,'Vida','Kline','vida.kline@lfg.com','+91 80 012 4841',235);
Insert into CONTACTS (CONTACT_ID,FIRST_NAME,LAST_NAME,EMAIL,PHONE,CUSTOMER_ID) values (236,'Mayola','Houston','mayola.houston@ecolab.com','+91 80 012 4843',236);
Insert into CONTACTS (CONTACT_ID,FIRST_NAME,LAST_NAME,EMAIL,PHONE,CUSTOMER_ID) values (237,'Cristine','Bell','cristine.bell@kelloggcompany.com','+91 11 012 4851',237);
Insert into CONTACTS (CONTACT_ID,FIRST_NAME,LAST_NAME,EMAIL,PHONE,CUSTOMER_ID) values (238,'Shamika','Bauer','shamika.bauer@chrobinson.com','+91 11 012 4853',238);
Insert into CONTACTS (CONTACT_ID,FIRST_NAME,LAST_NAME,EMAIL,PHONE,CUSTOMER_ID) values (239,'Rebbeca','Day','rebbeca.day@textron.com','+91 172 012 4861',239);
Insert into CONTACTS (CONTACT_ID,FIRST_NAME,LAST_NAME,EMAIL,PHONE,CUSTOMER_ID) values (240,'Maryrose','Cain','maryrose.cain@loews.com','+91 80 012 4869',240);
Insert into CONTACTS (CONTACT_ID,FIRST_NAME,LAST_NAME,EMAIL,PHONE,CUSTOMER_ID) values (241,'Johnie','Rojas','johnie.rojas@itw.com','+91 80 012 4887',241);
Insert into CONTACTS (CONTACT_ID,FIRST_NAME,LAST_NAME,EMAIL,PHONE,CUSTOMER_ID) values (242,'Verla','Christian','verla.christian@synnex.com','+91 80 012 4889',242);
Insert into CONTACTS (CONTACT_ID,FIRST_NAME,LAST_NAME,EMAIL,PHONE,CUSTOMER_ID) values (243,'Teressa','Hewitt','teressa.hewitt@hormelfoods.com','+91 80 012 4891',243);
Insert into CONTACTS (CONTACT_ID,FIRST_NAME,LAST_NAME,EMAIL,PHONE,CUSTOMER_ID) values (244,'Shenna','Blair','shenna.blair@viacom.com','+91 141 012 4895',244);
Insert into CONTACTS (CONTACT_ID,FIRST_NAME,LAST_NAME,EMAIL,PHONE,CUSTOMER_ID) values (245,'Latoyia','Burt','latoyia.burt@hollyfrontier.com','+91 80 012 4907',245);
Insert into CONTACTS (CONTACT_ID,FIRST_NAME,LAST_NAME,EMAIL,PHONE,CUSTOMER_ID) values (246,'Shaquita','Norman','shaquita.norman@landolakesinc.com','+91 80 012 4919',246);
Insert into CONTACTS (CONTACT_ID,FIRST_NAME,LAST_NAME,EMAIL,PHONE,CUSTOMER_ID) values (247,'Myrna','Romero','myrna.romero@celgene.com','+91 80 012 4931',247);
Insert into CONTACTS (CONTACT_ID,FIRST_NAME,LAST_NAME,EMAIL,PHONE,CUSTOMER_ID) values (248,'Bill','Stein','bill.stein@devonenergy.com','+39 6 012 4501',248);
Insert into CONTACTS (CONTACT_ID,FIRST_NAME,LAST_NAME,EMAIL,PHONE,CUSTOMER_ID) values (249,'Olivia','Conrad','olivia.conrad@pbfenergy.com','+39 6 012 4503',249);
Insert into CONTACTS (CONTACT_ID,FIRST_NAME,LAST_NAME,EMAIL,PHONE,CUSTOMER_ID) values (250,'Marianne','Bryant','marianne.bryant@genworth.com','+39 6 012 4507',250);
Insert into CONTACTS (CONTACT_ID,FIRST_NAME,LAST_NAME,EMAIL,PHONE,CUSTOMER_ID) values (251,'Dustin','Paul','dustin.paul@yum.com','+39 6 012 4511',251);
Insert into CONTACTS (CONTACT_ID,FIRST_NAME,LAST_NAME,EMAIL,PHONE,CUSTOMER_ID) values (252,'Elroy','Wolf','elroy.wolf@ti.com','+39 6 012 4515',252);
Insert into CONTACTS (CONTACT_ID,FIRST_NAME,LAST_NAME,EMAIL,PHONE,CUSTOMER_ID) values (253,'Jadwiga','Morrison','jadwiga.morrison@cdw.com','+39 6 012 4519',253);
Insert into CONTACTS (CONTACT_ID,FIRST_NAME,LAST_NAME,EMAIL,PHONE,CUSTOMER_ID) values (254,'Isabella','Ortega','isabella.ortega@paypal.com','+39 6 012 4531',254);
Insert into CONTACTS (CONTACT_ID,FIRST_NAME,LAST_NAME,EMAIL,PHONE,CUSTOMER_ID) values (255,'Katia','Case','katia.case@wm.com','+39 6 012 4535',255);
Insert into CONTACTS (CONTACT_ID,FIRST_NAME,LAST_NAME,EMAIL,PHONE,CUSTOMER_ID) values (256,'Enriqueta','Odom','enriqueta.odom@mmc.com','+39 6 012 4539',256);
Insert into CONTACTS (CONTACT_ID,FIRST_NAME,LAST_NAME,EMAIL,PHONE,CUSTOMER_ID) values (257,'Don','Hansen','don.hansen@chk.com','+39 10 012 4385',257);
Insert into CONTACTS (CONTACT_ID,FIRST_NAME,LAST_NAME,EMAIL,PHONE,CUSTOMER_ID) values (258,'Herb','Sloan','herb.sloan@pricelinegroup.com','+39 10 012 4387',258);
Insert into CONTACTS (CONTACT_ID,FIRST_NAME,LAST_NAME,EMAIL,PHONE,CUSTOMER_ID) values (259,'Blanche','Robbins','blanche.robbins@parker.com','+39 6 012 4389',259);
Insert into CONTACTS (CONTACT_ID,FIRST_NAME,LAST_NAME,EMAIL,PHONE,CUSTOMER_ID) values (260,'Gaynell','Burton','gaynell.burton@oxy.com','+39 6 012 4391',260);
Insert into CONTACTS (CONTACT_ID,FIRST_NAME,LAST_NAME,EMAIL,PHONE,CUSTOMER_ID) values (261,'Marhta','Baldwin','marhta.baldwin@guardianlife.com','+39 49 012 4409',261);
Insert into CONTACTS (CONTACT_ID,FIRST_NAME,LAST_NAME,EMAIL,PHONE,CUSTOMER_ID) values (262,'Peter','Gamble','peter.gamble@mgmresorts.com','+39 49 012 4411',262);
Insert into CONTACTS (CONTACT_ID,FIRST_NAME,LAST_NAME,EMAIL,PHONE,CUSTOMER_ID) values (263,'Nathan','Callahan','nathan.callahan@farmers.com','+39 10 012 4413',263);
Insert into CONTACTS (CONTACT_ID,FIRST_NAME,LAST_NAME,EMAIL,PHONE,CUSTOMER_ID) values (264,'Tereasa','Padilla','tereasa.padilla@jcpenney.com','+39 49 012 4415',264);
Insert into CONTACTS (CONTACT_ID,FIRST_NAME,LAST_NAME,EMAIL,PHONE,CUSTOMER_ID) values (265,'Merrilee','Phillips','merrilee.phillips@conedison.com','+39 49 012 4417',265);
Insert into CONTACTS (CONTACT_ID,FIRST_NAME,LAST_NAME,EMAIL,PHONE,CUSTOMER_ID) values (266,'Tisha','Mcdonald','tisha.mcdonald@autoliv.com','+39 49 012 4419',266);
Insert into CONTACTS (CONTACT_ID,FIRST_NAME,LAST_NAME,EMAIL,PHONE,CUSTOMER_ID) values (267,'Napoleon','Cruz','napoleon.cruz@cognizant.com','+39 10 012 4421',267);
Insert into CONTACTS (CONTACT_ID,FIRST_NAME,LAST_NAME,EMAIL,PHONE,CUSTOMER_ID) values (268,'Basilia','Downs','basilia.downs@vfc.com','+66 76 012 4441',268);
Insert into CONTACTS (CONTACT_ID,FIRST_NAME,LAST_NAME,EMAIL,PHONE,CUSTOMER_ID) values (269,'Alessandra','Estrada','alessandra.estrada@ameriprise.com','+41 56 012 3527',269);
Insert into CONTACTS (CONTACT_ID,FIRST_NAME,LAST_NAME,EMAIL,PHONE,CUSTOMER_ID) values (270,'Sherron','Flores','sherron.flores@fnf.com','+41 57 012 3529',270);
Insert into CONTACTS (CONTACT_ID,FIRST_NAME,LAST_NAME,EMAIL,PHONE,CUSTOMER_ID) values (271,'Elicia','Townsend','elicia.townsend@csc.com','+41 58 012 3531',271);
Insert into CONTACTS (CONTACT_ID,FIRST_NAME,LAST_NAME,EMAIL,PHONE,CUSTOMER_ID) values (272,'Percy','Hernandez','percy.hernandez@lb.com','+41 59 012 3533',272);
Insert into CONTACTS (CONTACT_ID,FIRST_NAME,LAST_NAME,EMAIL,PHONE,CUSTOMER_ID) values (273,'Shelia','Cain','shelia.cain@jacobs.com','+41 60 012 3535',273);
Insert into CONTACTS (CONTACT_ID,FIRST_NAME,LAST_NAME,EMAIL,PHONE,CUSTOMER_ID) values (274,'Charlene','Booker','charlene.booker@republicservices.com','+41 61 012 3537',274);
Insert into CONTACTS (CONTACT_ID,FIRST_NAME,LAST_NAME,EMAIL,PHONE,CUSTOMER_ID) values (275,'Mac','Mckay','mac.mckay@principal.com','+41 62 012 3539',275);
Insert into CONTACTS (CONTACT_ID,FIRST_NAME,LAST_NAME,EMAIL,PHONE,CUSTOMER_ID) values (276,'Jamison','Merritt','jamison.merritt@rossstores.com','+41 63 012 3541',276);
Insert into CONTACTS (CONTACT_ID,FIRST_NAME,LAST_NAME,EMAIL,PHONE,CUSTOMER_ID) values (277,'Quinton','Woods','quinton.woods@bedbathandbeyond.com','+41 64 012 3543',277);
Insert into CONTACTS (CONTACT_ID,FIRST_NAME,LAST_NAME,EMAIL,PHONE,CUSTOMER_ID) values (278,'Cathey','Mcdowell','cathey.mcdowell@csx.com','+41 65 012 3545',278);
Insert into CONTACTS (CONTACT_ID,FIRST_NAME,LAST_NAME,EMAIL,PHONE,CUSTOMER_ID) values (279,'Deneen','Hays','deneen.hays@toysrusinc.com','+41 66 012 3547',279);
Insert into CONTACTS (CONTACT_ID,FIRST_NAME,LAST_NAME,EMAIL,PHONE,CUSTOMER_ID) values (280,'Jackson','Morin','jackson.morin@sands.com','+41 67 012 3549',280);
Insert into CONTACTS (CONTACT_ID,FIRST_NAME,LAST_NAME,EMAIL,PHONE,CUSTOMER_ID) values (281,'Margo','Hoffman','margo.hoffman@leucadia.com','+41 2 012 3551',281);
Insert into CONTACTS (CONTACT_ID,FIRST_NAME,LAST_NAME,EMAIL,PHONE,CUSTOMER_ID) values (282,'Adah','Myers','adah.myers@dom.com','+41 3 012 3553',282);
Insert into CONTACTS (CONTACT_ID,FIRST_NAME,LAST_NAME,EMAIL,PHONE,CUSTOMER_ID) values (283,'Florene','Craig','florene.craig@ussteel.com','+41 81 012 3555',283);
Insert into CONTACTS (CONTACT_ID,FIRST_NAME,LAST_NAME,EMAIL,PHONE,CUSTOMER_ID) values (284,'Janey','Burris','janey.burris@l-3com.com','+41 81 012 3557',284);
Insert into CONTACTS (CONTACT_ID,FIRST_NAME,LAST_NAME,EMAIL,PHONE,CUSTOMER_ID) values (285,'Evelina','Campbell','evelina.campbell@edisoninvestor.com','+41 71 012 3559',285);
Insert into CONTACTS (CONTACT_ID,FIRST_NAME,LAST_NAME,EMAIL,PHONE,CUSTOMER_ID) values (286,'Thi','Maxwell','thi.maxwell@entergy.com','+41 71 012 3561',286);
Insert into CONTACTS (CONTACT_ID,FIRST_NAME,LAST_NAME,EMAIL,PHONE,CUSTOMER_ID) values (287,'Aleshia','Reese','aleshia.reese@adp.com','+41 4 012 3563',287);
Insert into CONTACTS (CONTACT_ID,FIRST_NAME,LAST_NAME,EMAIL,PHONE,CUSTOMER_ID) values (288,'Dorotha','Wong','dorotha.wong@firstdata.com','+41 6 012 3565',288);
Insert into CONTACTS (CONTACT_ID,FIRST_NAME,LAST_NAME,EMAIL,PHONE,CUSTOMER_ID) values (289,'Estela','Donovan','estela.donovan@blackrock.com','+41 7 012 3567',289);
Insert into CONTACTS (CONTACT_ID,FIRST_NAME,LAST_NAME,EMAIL,PHONE,CUSTOMER_ID) values (290,'Hassan','Rivers','hassan.rivers@westrock.com','+41 31 012 3569',290);
Insert into CONTACTS (CONTACT_ID,FIRST_NAME,LAST_NAME,EMAIL,PHONE,CUSTOMER_ID) values (291,'Jen','Mcmahon','jen.mcmahon@voya.com','+41 68 012 3571',291);
Insert into CONTACTS (CONTACT_ID,FIRST_NAME,LAST_NAME,EMAIL,PHONE,CUSTOMER_ID) values (292,'Barbie','Carter','barbie.carter@sherwin.com','+41 5 012 3573',292);
Insert into CONTACTS (CONTACT_ID,FIRST_NAME,LAST_NAME,EMAIL,PHONE,CUSTOMER_ID) values (293,'Cleo','English','cleo.english@hiltonworldwide.com','+41 8 012 3575',293);
Insert into CONTACTS (CONTACT_ID,FIRST_NAME,LAST_NAME,EMAIL,PHONE,CUSTOMER_ID) values (294,'Liana','Pena','liana.pena@corning.com','+41 1 012 3577',294);
Insert into CONTACTS (CONTACT_ID,FIRST_NAME,LAST_NAME,EMAIL,PHONE,CUSTOMER_ID) values (295,'Francina','Slater','francina.slater@rrdonnelley.com','+41 9 012 3579',295);
Insert into CONTACTS (CONTACT_ID,FIRST_NAME,LAST_NAME,EMAIL,PHONE,CUSTOMER_ID) values (296,'Josie','Steele','josie.steele@stanleyblackanddecker.com','+41 69 012 3581',296);
Insert into CONTACTS (CONTACT_ID,FIRST_NAME,LAST_NAME,EMAIL,PHONE,CUSTOMER_ID) values (297,'Maryrose','Roberson','maryrose.roberson@xcelenergy.com','+41 70 012 3583',297);
Insert into CONTACTS (CONTACT_ID,FIRST_NAME,LAST_NAME,EMAIL,PHONE,CUSTOMER_ID) values (298,'Elly','Salinas','elly.salinas@kiewit.com','+91 80 012 3687',298);
Insert into CONTACTS (CONTACT_ID,FIRST_NAME,LAST_NAME,EMAIL,PHONE,CUSTOMER_ID) values (299,'Ginny','Carlson','ginny.carlson@orate.murphyusa.com','+91 80 012 3689',299);
Insert into CONTACTS (CONTACT_ID,FIRST_NAME,LAST_NAME,EMAIL,PHONE,CUSTOMER_ID) values (300,'Mozelle','Schneider','mozelle.schneider@cbre.com','+91 80 012 3695',300);
Insert into CONTACTS (CONTACT_ID,FIRST_NAME,LAST_NAME,EMAIL,PHONE,CUSTOMER_ID) values (301,'Adam','Jacobs','adam.jacobs@univar.com','+91 80 012 3699',301);
Insert into CONTACTS (CONTACT_ID,FIRST_NAME,LAST_NAME,EMAIL,PHONE,CUSTOMER_ID) values (302,'Vernia','Hayes','vernia.hayes@drhorton.com','+91 80 012 3701',302);
Insert into CONTACTS (CONTACT_ID,FIRST_NAME,LAST_NAME,EMAIL,PHONE,CUSTOMER_ID) values (303,'Ismael','Solomon','ismael.solomon@elcompanies.com','+91 80 012 3703',303);
Insert into CONTACTS (CONTACT_ID,FIRST_NAME,LAST_NAME,EMAIL,PHONE,CUSTOMER_ID) values (304,'Ivey','Rutledge','ivey.rutledge@praxair.com','+91 80 012 3709',304);
Insert into CONTACTS (CONTACT_ID,FIRST_NAME,LAST_NAME,EMAIL,PHONE,CUSTOMER_ID) values (305,'Jame','Terrell','jame.terrell@biogen.com','+91 80 012 3711',305);
Insert into CONTACTS (CONTACT_ID,FIRST_NAME,LAST_NAME,EMAIL,PHONE,CUSTOMER_ID) values (306,'Daina','Combs','daina.combs@mosaicco.com','+91 80 012 3715',306);
Insert into CONTACTS (CONTACT_ID,FIRST_NAME,LAST_NAME,EMAIL,PHONE,CUSTOMER_ID) values (307,'Lashunda','Davidson','lashunda.davidson@statestreet.com','+91 80 012 3717',307);
Insert into CONTACTS (CONTACT_ID,FIRST_NAME,LAST_NAME,EMAIL,PHONE,CUSTOMER_ID) values (308,'Arlette','Thornton','arlette.thornton@unum.com','+91 80 012 3719',308);
Insert into CONTACTS (CONTACT_ID,FIRST_NAME,LAST_NAME,EMAIL,PHONE,CUSTOMER_ID) values (309,'Darron','Robertson','darron.robertson@reynoldsamerican.com','+91 80 012 3723',309);
Insert into CONTACTS (CONTACT_ID,FIRST_NAME,LAST_NAME,EMAIL,PHONE,CUSTOMER_ID) values (310,'Maple','Barnett','maple.barnett@core-mark.com','+91 80 012 3725',310);
Insert into CONTACTS (CONTACT_ID,FIRST_NAME,LAST_NAME,EMAIL,PHONE,CUSTOMER_ID) values (311,'Charlsie','Carey','charlsie.carey@group1auto.com','+91 80 012 3731',311);
Insert into CONTACTS (CONTACT_ID,FIRST_NAME,LAST_NAME,EMAIL,PHONE,CUSTOMER_ID) values (312,'Frank','Shannon','frank.shannon@henryschein.com','+91 80 012 3733',312);
Insert into CONTACTS (CONTACT_ID,FIRST_NAME,LAST_NAME,EMAIL,PHONE,CUSTOMER_ID) values (313,'Josiah','Beasley','josiah.beasley@hertz.com','+91 80 012 3735',313);
Insert into CONTACTS (CONTACT_ID,FIRST_NAME,LAST_NAME,EMAIL,PHONE,CUSTOMER_ID) values (314,'Annabelle','Butler','annabelle.butler@thrivent.com','+91 80 012 3737',314);
Insert into CONTACTS (CONTACT_ID,FIRST_NAME,LAST_NAME,EMAIL,PHONE,CUSTOMER_ID) values (315,'Ed','Mueller','ed.mueller@nscorp.com','+91 80 012 3739',315);
Insert into CONTACTS (CONTACT_ID,FIRST_NAME,LAST_NAME,EMAIL,PHONE,CUSTOMER_ID) values (316,'Colleen','Estrada','colleen.estrada@rgare.com','+91 80 012 3741',316);
Insert into CONTACTS (CONTACT_ID,FIRST_NAME,LAST_NAME,EMAIL,PHONE,CUSTOMER_ID) values (317,'Nikia','Kent','nikia.kent@pseg.com','+91 80 012 3745',317);
Insert into CONTACTS (CONTACT_ID,FIRST_NAME,LAST_NAME,EMAIL,PHONE,CUSTOMER_ID) values (318,'Amber','Brady','amber.brady@c-a-m.com','+91 80 012 3837',318);
Insert into CONTACTS (CONTACT_ID,FIRST_NAME,LAST_NAME,EMAIL,PHONE,CUSTOMER_ID) values (319,'Wendell','Massey','wendell.massey@bbt.com','+86 10 012 3839',319);

Insert into ORDERS (ORDER_ID,CUSTOMER_ID,STATUS,SALESMAN_ID,ORDER_DATE) values (105,1,'Pending',54,to_date('17-NOV-16','DD-MON-RR'));
Insert into ORDERS (ORDER_ID,CUSTOMER_ID,STATUS,SALESMAN_ID,ORDER_DATE) values (44,2,'Pending',55,to_date('20-FEB-17','DD-MON-RR'));
Insert into ORDERS (ORDER_ID,CUSTOMER_ID,STATUS,SALESMAN_ID,ORDER_DATE) values (101,3,'Pending',55,to_date('03-JAN-17','DD-MON-RR'));
Insert into ORDERS (ORDER_ID,CUSTOMER_ID,STATUS,SALESMAN_ID,ORDER_DATE) values (1,4,'Pending',56,to_date('15-OCT-17','DD-MON-RR'));
Insert into ORDERS (ORDER_ID,CUSTOMER_ID,STATUS,SALESMAN_ID,ORDER_DATE) values (5,5,'Canceled',56,to_date('09-APR-17','DD-MON-RR'));
Insert into ORDERS (ORDER_ID,CUSTOMER_ID,STATUS,SALESMAN_ID,ORDER_DATE) values (28,6,'Canceled',57,to_date('15-AUG-17','DD-MON-RR'));
Insert into ORDERS (ORDER_ID,CUSTOMER_ID,STATUS,SALESMAN_ID,ORDER_DATE) values (87,7,'Canceled',57,to_date('01-DEC-16','DD-MON-RR'));
Insert into ORDERS (ORDER_ID,CUSTOMER_ID,STATUS,SALESMAN_ID,ORDER_DATE) values (4,8,'Shipped',59,to_date('09-APR-15','DD-MON-RR'));
Insert into ORDERS (ORDER_ID,CUSTOMER_ID,STATUS,SALESMAN_ID,ORDER_DATE) values (41,9,'Shipped',59,to_date('11-MAY-17','DD-MON-RR'));
Insert into ORDERS (ORDER_ID,CUSTOMER_ID,STATUS,SALESMAN_ID,ORDER_DATE) values (82,44,'Shipped',60,to_date('03-DEC-16','DD-MON-RR'));
Insert into ORDERS (ORDER_ID,CUSTOMER_ID,STATUS,SALESMAN_ID,ORDER_DATE) values (102,45,'Shipped',61,to_date('20-DEC-16','DD-MON-RR'));
Insert into ORDERS (ORDER_ID,CUSTOMER_ID,STATUS,SALESMAN_ID,ORDER_DATE) values (26,46,'Shipped',62,to_date('16-AUG-16','DD-MON-RR'));
Insert into ORDERS (ORDER_ID,CUSTOMER_ID,STATUS,SALESMAN_ID,ORDER_DATE) values (43,47,'Shipped',62,to_date('02-MAY-15','DD-MON-RR'));
Insert into ORDERS (ORDER_ID,CUSTOMER_ID,STATUS,SALESMAN_ID,ORDER_DATE) values (53,48,'Shipped',62,to_date('29-SEP-16','DD-MON-RR'));
Insert into ORDERS (ORDER_ID,CUSTOMER_ID,STATUS,SALESMAN_ID,ORDER_DATE) values (81,49,'Shipped',62,to_date('13-DEC-16','DD-MON-RR'));
Insert into ORDERS (ORDER_ID,CUSTOMER_ID,STATUS,SALESMAN_ID,ORDER_DATE) values (83,16,'Shipped',62,to_date('02-DEC-16','DD-MON-RR'));
Insert into ORDERS (ORDER_ID,CUSTOMER_ID,STATUS,SALESMAN_ID,ORDER_DATE) values (93,17,'Shipped',62,to_date('27-OCT-16','DD-MON-RR'));
Insert into ORDERS (ORDER_ID,CUSTOMER_ID,STATUS,SALESMAN_ID,ORDER_DATE) values (94,1,'Shipped',62,to_date('27-OCT-17','DD-MON-RR'));
Insert into ORDERS (ORDER_ID,CUSTOMER_ID,STATUS,SALESMAN_ID,ORDER_DATE) values (79,2,'Shipped',64,to_date('14-DEC-16','DD-MON-RR'));
Insert into ORDERS (ORDER_ID,CUSTOMER_ID,STATUS,SALESMAN_ID,ORDER_DATE) values (80,3,'Shipped',64,to_date('13-DEC-16','DD-MON-RR'));
Insert into ORDERS (ORDER_ID,CUSTOMER_ID,STATUS,SALESMAN_ID,ORDER_DATE) values (2,4,'Shipped',null,to_date('26-APR-15','DD-MON-RR'));
Insert into ORDERS (ORDER_ID,CUSTOMER_ID,STATUS,SALESMAN_ID,ORDER_DATE) values (3,5,'Shipped',null,to_date('26-APR-17','DD-MON-RR'));
Insert into ORDERS (ORDER_ID,CUSTOMER_ID,STATUS,SALESMAN_ID,ORDER_DATE) values (6,6,'Shipped',null,to_date('09-APR-15','DD-MON-RR'));
Insert into ORDERS (ORDER_ID,CUSTOMER_ID,STATUS,SALESMAN_ID,ORDER_DATE) values (7,7,'Shipped',null,to_date('15-FEB-17','DD-MON-RR'));
Insert into ORDERS (ORDER_ID,CUSTOMER_ID,STATUS,SALESMAN_ID,ORDER_DATE) values (8,8,'Shipped',null,to_date('14-FEB-17','DD-MON-RR'));
Insert into ORDERS (ORDER_ID,CUSTOMER_ID,STATUS,SALESMAN_ID,ORDER_DATE) values (9,9,'Shipped',null,to_date('14-FEB-17','DD-MON-RR'));
Insert into ORDERS (ORDER_ID,CUSTOMER_ID,STATUS,SALESMAN_ID,ORDER_DATE) values (10,44,'Pending',null,to_date('24-JAN-17','DD-MON-RR'));
Insert into ORDERS (ORDER_ID,CUSTOMER_ID,STATUS,SALESMAN_ID,ORDER_DATE) values (11,45,'Shipped',null,to_date('29-NOV-16','DD-MON-RR'));
Insert into ORDERS (ORDER_ID,CUSTOMER_ID,STATUS,SALESMAN_ID,ORDER_DATE) values (12,46,'Shipped',null,to_date('29-NOV-16','DD-MON-RR'));
Insert into ORDERS (ORDER_ID,CUSTOMER_ID,STATUS,SALESMAN_ID,ORDER_DATE) values (13,47,'Shipped',null,to_date('29-NOV-16','DD-MON-RR'));
Insert into ORDERS (ORDER_ID,CUSTOMER_ID,STATUS,SALESMAN_ID,ORDER_DATE) values (14,48,'Shipped',null,to_date('28-SEP-17','DD-MON-RR'));
Insert into ORDERS (ORDER_ID,CUSTOMER_ID,STATUS,SALESMAN_ID,ORDER_DATE) values (15,49,'Shipped',null,to_date('27-SEP-17','DD-MON-RR'));
Insert into ORDERS (ORDER_ID,CUSTOMER_ID,STATUS,SALESMAN_ID,ORDER_DATE) values (16,16,'Pending',null,to_date('27-SEP-16','DD-MON-RR'));
Insert into ORDERS (ORDER_ID,CUSTOMER_ID,STATUS,SALESMAN_ID,ORDER_DATE) values (17,17,'Shipped',null,to_date('27-SEP-17','DD-MON-RR'));
Insert into ORDERS (ORDER_ID,CUSTOMER_ID,STATUS,SALESMAN_ID,ORDER_DATE) values (18,18,'Shipped',null,to_date('16-AUG-16','DD-MON-RR'));
Insert into ORDERS (ORDER_ID,CUSTOMER_ID,STATUS,SALESMAN_ID,ORDER_DATE) values (19,19,'Shipped',null,to_date('27-MAY-16','DD-MON-RR'));
Insert into ORDERS (ORDER_ID,CUSTOMER_ID,STATUS,SALESMAN_ID,ORDER_DATE) values (20,20,'Shipped',null,to_date('27-MAY-17','DD-MON-RR'));
Insert into ORDERS (ORDER_ID,CUSTOMER_ID,STATUS,SALESMAN_ID,ORDER_DATE) values (21,21,'Pending',null,to_date('27-MAY-17','DD-MON-RR'));
Insert into ORDERS (ORDER_ID,CUSTOMER_ID,STATUS,SALESMAN_ID,ORDER_DATE) values (22,22,'Canceled',null,to_date('26-MAY-16','DD-MON-RR'));
Insert into ORDERS (ORDER_ID,CUSTOMER_ID,STATUS,SALESMAN_ID,ORDER_DATE) values (23,23,'Shipped',null,to_date('07-SEP-16','DD-MON-RR'));
Insert into ORDERS (ORDER_ID,CUSTOMER_ID,STATUS,SALESMAN_ID,ORDER_DATE) values (24,41,'Shipped',null,to_date('07-SEP-16','DD-MON-RR'));
Insert into ORDERS (ORDER_ID,CUSTOMER_ID,STATUS,SALESMAN_ID,ORDER_DATE) values (25,42,'Shipped',null,to_date('24-AUG-16','DD-MON-RR'));
Insert into ORDERS (ORDER_ID,CUSTOMER_ID,STATUS,SALESMAN_ID,ORDER_DATE) values (27,43,'Canceled',null,to_date('16-AUG-16','DD-MON-RR'));
Insert into ORDERS (ORDER_ID,CUSTOMER_ID,STATUS,SALESMAN_ID,ORDER_DATE) values (29,44,'Shipped',null,to_date('14-AUG-17','DD-MON-RR'));
Insert into ORDERS (ORDER_ID,CUSTOMER_ID,STATUS,SALESMAN_ID,ORDER_DATE) values (30,45,'Shipped',null,to_date('12-AUG-17','DD-MON-RR'));
Insert into ORDERS (ORDER_ID,CUSTOMER_ID,STATUS,SALESMAN_ID,ORDER_DATE) values (31,46,'Canceled',null,to_date('12-AUG-17','DD-MON-RR'));
Insert into ORDERS (ORDER_ID,CUSTOMER_ID,STATUS,SALESMAN_ID,ORDER_DATE) values (32,47,'Shipped',null,to_date('09-MAR-17','DD-MON-RR'));
Insert into ORDERS (ORDER_ID,CUSTOMER_ID,STATUS,SALESMAN_ID,ORDER_DATE) values (33,48,'Shipped',null,to_date('07-MAR-17','DD-MON-RR'));
Insert into ORDERS (ORDER_ID,CUSTOMER_ID,STATUS,SALESMAN_ID,ORDER_DATE) values (34,49,'Shipped',null,to_date('12-JUN-16','DD-MON-RR'));
Insert into ORDERS (ORDER_ID,CUSTOMER_ID,STATUS,SALESMAN_ID,ORDER_DATE) values (35,50,'Shipped',null,to_date('05-SEP-16','DD-MON-RR'));
Insert into ORDERS (ORDER_ID,CUSTOMER_ID,STATUS,SALESMAN_ID,ORDER_DATE) values (36,51,'Shipped',null,to_date('05-SEP-17','DD-MON-RR'));
Insert into ORDERS (ORDER_ID,CUSTOMER_ID,STATUS,SALESMAN_ID,ORDER_DATE) values (37,52,'Shipped',null,to_date('19-FEB-17','DD-MON-RR'));
Insert into ORDERS (ORDER_ID,CUSTOMER_ID,STATUS,SALESMAN_ID,ORDER_DATE) values (38,53,'Canceled',57,to_date('31-MAY-15','DD-MON-RR'));
Insert into ORDERS (ORDER_ID,CUSTOMER_ID,STATUS,SALESMAN_ID,ORDER_DATE) values (39,54,'Shipped',62,to_date('22-OCT-16','DD-MON-RR'));
Insert into ORDERS (ORDER_ID,CUSTOMER_ID,STATUS,SALESMAN_ID,ORDER_DATE) values (40,55,'Shipped',62,to_date('11-MAY-17','DD-MON-RR'));
Insert into ORDERS (ORDER_ID,CUSTOMER_ID,STATUS,SALESMAN_ID,ORDER_DATE) values (42,56,'Canceled',64,to_date('03-MAY-15','DD-MON-RR'));
Insert into ORDERS (ORDER_ID,CUSTOMER_ID,STATUS,SALESMAN_ID,ORDER_DATE) values (45,57,'Shipped',64,to_date('20-FEB-17','DD-MON-RR'));
Insert into ORDERS (ORDER_ID,CUSTOMER_ID,STATUS,SALESMAN_ID,ORDER_DATE) values (46,58,'Pending',62,to_date('20-FEB-17','DD-MON-RR'));
Insert into ORDERS (ORDER_ID,CUSTOMER_ID,STATUS,SALESMAN_ID,ORDER_DATE) values (47,59,'Canceled',62,to_date('10-OCT-16','DD-MON-RR'));
Insert into ORDERS (ORDER_ID,CUSTOMER_ID,STATUS,SALESMAN_ID,ORDER_DATE) values (48,60,'Canceled',64,to_date('10-OCT-16','DD-MON-RR'));
Insert into ORDERS (ORDER_ID,CUSTOMER_ID,STATUS,SALESMAN_ID,ORDER_DATE) values (49,61,'Shipped',55,to_date('02-OCT-16','DD-MON-RR'));
Insert into ORDERS (ORDER_ID,CUSTOMER_ID,STATUS,SALESMAN_ID,ORDER_DATE) values (50,62,'Pending',55,to_date('02-OCT-16','DD-MON-RR'));
Insert into ORDERS (ORDER_ID,CUSTOMER_ID,STATUS,SALESMAN_ID,ORDER_DATE) values (51,63,'Shipped',59,to_date('02-OCT-16','DD-MON-RR'));
Insert into ORDERS (ORDER_ID,CUSTOMER_ID,STATUS,SALESMAN_ID,ORDER_DATE) values (52,64,'Shipped',60,to_date('02-OCT-16','DD-MON-RR'));
Insert into ORDERS (ORDER_ID,CUSTOMER_ID,STATUS,SALESMAN_ID,ORDER_DATE) values (54,65,'Shipped',56,to_date('29-SEP-16','DD-MON-RR'));
Insert into ORDERS (ORDER_ID,CUSTOMER_ID,STATUS,SALESMAN_ID,ORDER_DATE) values (55,66,'Pending',59,to_date('29-SEP-16','DD-MON-RR'));
Insert into ORDERS (ORDER_ID,CUSTOMER_ID,STATUS,SALESMAN_ID,ORDER_DATE) values (56,67,'Canceled',55,to_date('29-SEP-16','DD-MON-RR'));
Insert into ORDERS (ORDER_ID,CUSTOMER_ID,STATUS,SALESMAN_ID,ORDER_DATE) values (57,68,'Shipped',57,to_date('24-AUG-17','DD-MON-RR'));
Insert into ORDERS (ORDER_ID,CUSTOMER_ID,STATUS,SALESMAN_ID,ORDER_DATE) values (58,69,'Shipped',57,to_date('24-AUG-16','DD-MON-RR'));
Insert into ORDERS (ORDER_ID,CUSTOMER_ID,STATUS,SALESMAN_ID,ORDER_DATE) values (59,70,'Shipped',59,to_date('29-JUN-15','DD-MON-RR'));
Insert into ORDERS (ORDER_ID,CUSTOMER_ID,STATUS,SALESMAN_ID,ORDER_DATE) values (60,1,'Shipped',62,to_date('30-JUN-17','DD-MON-RR'));
Insert into ORDERS (ORDER_ID,CUSTOMER_ID,STATUS,SALESMAN_ID,ORDER_DATE) values (61,2,'Shipped',54,to_date('30-JUN-16','DD-MON-RR'));
Insert into ORDERS (ORDER_ID,CUSTOMER_ID,STATUS,SALESMAN_ID,ORDER_DATE) values (62,3,'Shipped',62,to_date('30-JUN-15','DD-MON-RR'));
Insert into ORDERS (ORDER_ID,CUSTOMER_ID,STATUS,SALESMAN_ID,ORDER_DATE) values (63,4,'Shipped',61,to_date('30-JUN-16','DD-MON-RR'));
Insert into ORDERS (ORDER_ID,CUSTOMER_ID,STATUS,SALESMAN_ID,ORDER_DATE) values (64,5,'Shipped',64,to_date('21-JUN-16','DD-MON-RR'));
Insert into ORDERS (ORDER_ID,CUSTOMER_ID,STATUS,SALESMAN_ID,ORDER_DATE) values (65,6,'Shipped',64,to_date('21-JUN-13','DD-MON-RR'));
Insert into ORDERS (ORDER_ID,CUSTOMER_ID,STATUS,SALESMAN_ID,ORDER_DATE) values (66,7,'Canceled',61,to_date('21-JUN-16','DD-MON-RR'));
Insert into ORDERS (ORDER_ID,CUSTOMER_ID,STATUS,SALESMAN_ID,ORDER_DATE) values (67,8,'Canceled',61,to_date('14-JUN-16','DD-MON-RR'));
Insert into ORDERS (ORDER_ID,CUSTOMER_ID,STATUS,SALESMAN_ID,ORDER_DATE) values (68,9,'Pending',null,to_date('13-JUN-16','DD-MON-RR'));
Insert into ORDERS (ORDER_ID,CUSTOMER_ID,STATUS,SALESMAN_ID,ORDER_DATE) values (69,44,'Canceled',54,to_date('17-MAR-17','DD-MON-RR'));
Insert into ORDERS (ORDER_ID,CUSTOMER_ID,STATUS,SALESMAN_ID,ORDER_DATE) values (70,45,'Canceled',61,to_date('21-FEB-17','DD-MON-RR'));
Insert into ORDERS (ORDER_ID,CUSTOMER_ID,STATUS,SALESMAN_ID,ORDER_DATE) values (71,46,'Shipped',54,to_date('21-FEB-17','DD-MON-RR'));
Insert into ORDERS (ORDER_ID,CUSTOMER_ID,STATUS,SALESMAN_ID,ORDER_DATE) values (72,47,'Shipped',64,to_date('17-FEB-16','DD-MON-RR'));
Insert into ORDERS (ORDER_ID,CUSTOMER_ID,STATUS,SALESMAN_ID,ORDER_DATE) values (73,48,'Shipped',null,to_date('17-FEB-16','DD-MON-RR'));
Insert into ORDERS (ORDER_ID,CUSTOMER_ID,STATUS,SALESMAN_ID,ORDER_DATE) values (74,49,'Shipped',64,to_date('10-FEB-17','DD-MON-RR'));
Insert into ORDERS (ORDER_ID,CUSTOMER_ID,STATUS,SALESMAN_ID,ORDER_DATE) values (75,16,'Shipped',null,to_date('10-FEB-17','DD-MON-RR'));
Insert into ORDERS (ORDER_ID,CUSTOMER_ID,STATUS,SALESMAN_ID,ORDER_DATE) values (76,17,'Shipped',55,to_date('10-FEB-17','DD-MON-RR'));
Insert into ORDERS (ORDER_ID,CUSTOMER_ID,STATUS,SALESMAN_ID,ORDER_DATE) values (77,1,'Shipped',60,to_date('02-JAN-17','DD-MON-RR'));
Insert into ORDERS (ORDER_ID,CUSTOMER_ID,STATUS,SALESMAN_ID,ORDER_DATE) values (78,2,'Pending',64,to_date('14-DEC-15','DD-MON-RR'));
Insert into ORDERS (ORDER_ID,CUSTOMER_ID,STATUS,SALESMAN_ID,ORDER_DATE) values (84,3,'Shipped',64,to_date('01-DEC-15','DD-MON-RR'));
Insert into ORDERS (ORDER_ID,CUSTOMER_ID,STATUS,SALESMAN_ID,ORDER_DATE) values (85,4,'Pending',55,to_date('01-DEC-16','DD-MON-RR'));
Insert into ORDERS (ORDER_ID,CUSTOMER_ID,STATUS,SALESMAN_ID,ORDER_DATE) values (86,5,'Pending',60,to_date('30-NOV-16','DD-MON-RR'));
Insert into ORDERS (ORDER_ID,CUSTOMER_ID,STATUS,SALESMAN_ID,ORDER_DATE) values (88,6,'Shipped',61,to_date('01-NOV-17','DD-MON-RR'));
Insert into ORDERS (ORDER_ID,CUSTOMER_ID,STATUS,SALESMAN_ID,ORDER_DATE) values (89,7,'Shipped',55,to_date('27-OCT-15','DD-MON-RR'));
Insert into ORDERS (ORDER_ID,CUSTOMER_ID,STATUS,SALESMAN_ID,ORDER_DATE) values (90,8,'Pending',55,to_date('28-OCT-15','DD-MON-RR'));
Insert into ORDERS (ORDER_ID,CUSTOMER_ID,STATUS,SALESMAN_ID,ORDER_DATE) values (91,9,'Pending',56,to_date('28-OCT-16','DD-MON-RR'));
Insert into ORDERS (ORDER_ID,CUSTOMER_ID,STATUS,SALESMAN_ID,ORDER_DATE) values (92,44,'Shipped',59,to_date('28-OCT-15','DD-MON-RR'));
Insert into ORDERS (ORDER_ID,CUSTOMER_ID,STATUS,SALESMAN_ID,ORDER_DATE) values (95,45,'Shipped',59,to_date('19-SEP-16','DD-MON-RR'));
Insert into ORDERS (ORDER_ID,CUSTOMER_ID,STATUS,SALESMAN_ID,ORDER_DATE) values (96,46,'Shipped',56,to_date('14-SEP-16','DD-MON-RR'));
Insert into ORDERS (ORDER_ID,CUSTOMER_ID,STATUS,SALESMAN_ID,ORDER_DATE) values (97,47,'Canceled',60,to_date('12-JUL-16','DD-MON-RR'));
Insert into ORDERS (ORDER_ID,CUSTOMER_ID,STATUS,SALESMAN_ID,ORDER_DATE) values (98,48,'Shipped',55,to_date('18-MAR-17','DD-MON-RR'));
Insert into ORDERS (ORDER_ID,CUSTOMER_ID,STATUS,SALESMAN_ID,ORDER_DATE) values (99,49,'Shipped',60,to_date('07-JAN-17','DD-MON-RR'));
Insert into ORDERS (ORDER_ID,CUSTOMER_ID,STATUS,SALESMAN_ID,ORDER_DATE) values (100,16,'Pending',54,to_date('05-JAN-17','DD-MON-RR'));
Insert into ORDERS (ORDER_ID,CUSTOMER_ID,STATUS,SALESMAN_ID,ORDER_DATE) values (103,17,'Pending',64,to_date('08-FEB-16','DD-MON-RR'));
Insert into ORDERS (ORDER_ID,CUSTOMER_ID,STATUS,SALESMAN_ID,ORDER_DATE) values (104,18,'Shipped',60,to_date('01-FEB-17','DD-MON-RR'));

Insert into ORDER_ITEMS (ORDER_ID,ITEM_ID,medicine_id,QUANTITY,UNIT_PRICE) values (70,7,7,132,470);
Insert into ORDER_ITEMS (ORDER_ID,ITEM_ID,medicine_id,QUANTITY,UNIT_PRICE) values (73,5,5,124,520);
Insert into ORDER_ITEMS (ORDER_ID,ITEM_ID,medicine_id,QUANTITY,UNIT_PRICE) values (74,7,7,92,801);
Insert into ORDER_ITEMS (ORDER_ID,ITEM_ID,medicine_id,QUANTITY,UNIT_PRICE) values (75,11,10,128,850);
Insert into ORDER_ITEMS (ORDER_ID,ITEM_ID,medicine_id,QUANTITY,UNIT_PRICE) values (76,10,10,106,110);
Insert into ORDER_ITEMS (ORDER_ID,ITEM_ID,medicine_id,QUANTITY,UNIT_PRICE) values (77,5,5,148,550);
Insert into ORDER_ITEMS (ORDER_ID,ITEM_ID,medicine_id,QUANTITY,UNIT_PRICE) values (81,7,7,127,660);
Insert into ORDER_ITEMS (ORDER_ID,ITEM_ID,medicine_id,QUANTITY,UNIT_PRICE) values (82,9,9,138,55);
Insert into ORDER_ITEMS (ORDER_ID,ITEM_ID,medicine_id,QUANTITY,UNIT_PRICE) values (83,8,10,117,798);
Insert into ORDER_ITEMS (ORDER_ID,ITEM_ID,medicine_id,QUANTITY,UNIT_PRICE) values (84,6,6,34,280);
Insert into ORDER_ITEMS (ORDER_ID,ITEM_ID,medicine_id,QUANTITY,UNIT_PRICE) values (87,11,10,58,550);
Insert into ORDER_ITEMS (ORDER_ID,ITEM_ID,medicine_id,QUANTITY,UNIT_PRICE) values (90,8,10,49,2200);
Insert into ORDER_ITEMS (ORDER_ID,ITEM_ID,medicine_id,QUANTITY,UNIT_PRICE) values (91,11,10,77,310);
Insert into ORDER_ITEMS (ORDER_ID,ITEM_ID,medicine_id,QUANTITY,UNIT_PRICE) values (93,5,5,141,722);
Insert into ORDER_ITEMS (ORDER_ID,ITEM_ID,medicine_id,QUANTITY,UNIT_PRICE) values (94,9,9,33,825);
Insert into ORDER_ITEMS (ORDER_ID,ITEM_ID,medicine_id,QUANTITY,UNIT_PRICE) values (99,9,9,144,699);
Insert into ORDER_ITEMS (ORDER_ID,ITEM_ID,medicine_id,QUANTITY,UNIT_PRICE) values (102,3,3,149,340);
Insert into ORDER_ITEMS (ORDER_ID,ITEM_ID,medicine_id,QUANTITY,UNIT_PRICE) values (104,7,7,145,2000);
Insert into ORDER_ITEMS (ORDER_ID,ITEM_ID,medicine_id,QUANTITY,UNIT_PRICE) values (105,6,6,79,900);
Insert into ORDER_ITEMS (ORDER_ID,ITEM_ID,medicine_id,QUANTITY,UNIT_PRICE) values (2,9,9,75,621);
Insert into ORDER_ITEMS (ORDER_ID,ITEM_ID,medicine_id,QUANTITY,UNIT_PRICE) values (4,8,10,116,799);
Insert into ORDER_ITEMS (ORDER_ID,ITEM_ID,medicine_id,QUANTITY,UNIT_PRICE) values (6,7,7,119,681);
Insert into ORDER_ITEMS (ORDER_ID,ITEM_ID,medicine_id,QUANTITY,UNIT_PRICE) values (8,9,9,148,48);
Insert into ORDER_ITEMS (ORDER_ID,ITEM_ID,medicine_id,QUANTITY,UNIT_PRICE) values (2,1,1,111,299);
Insert into ORDER_ITEMS (ORDER_ID,ITEM_ID,medicine_id,QUANTITY,UNIT_PRICE) values (3,1,1,111,67);
Insert into ORDER_ITEMS (ORDER_ID,ITEM_ID,medicine_id,QUANTITY,UNIT_PRICE) values (4,1,1,47,150);
Insert into ORDER_ITEMS (ORDER_ID,ITEM_ID,medicine_id,QUANTITY,UNIT_PRICE) values (5,1,1,70,283);
Insert into ORDER_ITEMS (ORDER_ID,ITEM_ID,medicine_id,QUANTITY,UNIT_PRICE) values (6,1,1,67,648);
Insert into ORDER_ITEMS (ORDER_ID,ITEM_ID,medicine_id,QUANTITY,UNIT_PRICE) values (7,1,1,74,305);
Insert into ORDER_ITEMS (ORDER_ID,ITEM_ID,medicine_id,QUANTITY,UNIT_PRICE) values (8,1,1,92,760);
Insert into ORDER_ITEMS (ORDER_ID,ITEM_ID,medicine_id,QUANTITY,UNIT_PRICE) values (9,1,1,139,850);
Insert into ORDER_ITEMS (ORDER_ID,ITEM_ID,medicine_id,QUANTITY,UNIT_PRICE) values (10,1,1,118,287);
Insert into ORDER_ITEMS (ORDER_ID,ITEM_ID,medicine_id,QUANTITY,UNIT_PRICE) values (11,1,1,113,142);
Insert into ORDER_ITEMS (ORDER_ID,ITEM_ID,medicine_id,QUANTITY,UNIT_PRICE) values (12,1,1,41,574);
Insert into ORDER_ITEMS (ORDER_ID,ITEM_ID,medicine_id,QUANTITY,UNIT_PRICE) values (13,1,1,46,440);
Insert into ORDER_ITEMS (ORDER_ID,ITEM_ID,medicine_id,QUANTITY,UNIT_PRICE) values (14,1,1,98,735);
Insert into ORDER_ITEMS (ORDER_ID,ITEM_ID,medicine_id,QUANTITY,UNIT_PRICE) values (1,1,1,116,470);
Insert into ORDER_ITEMS (ORDER_ID,ITEM_ID,medicine_id,QUANTITY,UNIT_PRICE) values (15,1,1,60,330);
Insert into ORDER_ITEMS (ORDER_ID,ITEM_ID,medicine_id,QUANTITY,UNIT_PRICE) values (16,1,1,70,1639);
Insert into ORDER_ITEMS (ORDER_ID,ITEM_ID,medicine_id,QUANTITY,UNIT_PRICE) values (17,1,1,51,283);
Insert into ORDER_ITEMS (ORDER_ID,ITEM_ID,medicine_id,QUANTITY,UNIT_PRICE) values (18,1,1,105,1470);
Insert into ORDER_ITEMS (ORDER_ID,ITEM_ID,medicine_id,QUANTITY,UNIT_PRICE) values (19,1,1,53,1200);
Insert into ORDER_ITEMS (ORDER_ID,ITEM_ID,medicine_id,QUANTITY,UNIT_PRICE) values (20,1,1,105,641);
Insert into ORDER_ITEMS (ORDER_ID,ITEM_ID,medicine_id,QUANTITY,UNIT_PRICE) values (21,1,1,79,1300);
Insert into ORDER_ITEMS (ORDER_ID,ITEM_ID,medicine_id,QUANTITY,UNIT_PRICE) values (22,1,1,44,830);
Insert into ORDER_ITEMS (ORDER_ID,ITEM_ID,medicine_id,QUANTITY,UNIT_PRICE) values (23,1,1,104,714);
Insert into ORDER_ITEMS (ORDER_ID,ITEM_ID,medicine_id,QUANTITY,UNIT_PRICE) values (24,1,1,129,722);
Insert into ORDER_ITEMS (ORDER_ID,ITEM_ID,medicine_id,QUANTITY,UNIT_PRICE) values (25,1,1,109,299);
Insert into ORDER_ITEMS (ORDER_ID,ITEM_ID,medicine_id,QUANTITY,UNIT_PRICE) values (26,1,1,114,621);
Insert into ORDER_ITEMS (ORDER_ID,ITEM_ID,medicine_id,QUANTITY,UNIT_PRICE) values (27,1,1,38,660);
Insert into ORDER_ITEMS (ORDER_ID,ITEM_ID,medicine_id,QUANTITY,UNIT_PRICE) values (28,1,1,61,444);
Insert into ORDER_ITEMS (ORDER_ID,ITEM_ID,medicine_id,QUANTITY,UNIT_PRICE) values (29,1,1,38,681);
Insert into ORDER_ITEMS (ORDER_ID,ITEM_ID,medicine_id,QUANTITY,UNIT_PRICE) values (30,1,1,70,42);
Insert into ORDER_ITEMS (ORDER_ID,ITEM_ID,medicine_id,QUANTITY,UNIT_PRICE) values (31,1,1,68,636);
Insert into ORDER_ITEMS (ORDER_ID,ITEM_ID,medicine_id,QUANTITY,UNIT_PRICE) values (32,1,1,83,338);
Insert into ORDER_ITEMS (ORDER_ID,ITEM_ID,medicine_id,QUANTITY,UNIT_PRICE) values (33,1,1,93,151);
Insert into ORDER_ITEMS (ORDER_ID,ITEM_ID,medicine_id,QUANTITY,UNIT_PRICE) values (34,1,1,141,874);
Insert into ORDER_ITEMS (ORDER_ID,ITEM_ID,medicine_id,QUANTITY,UNIT_PRICE) values (35,1,1,133,798);
Insert into ORDER_ITEMS (ORDER_ID,ITEM_ID,medicine_id,QUANTITY,UNIT_PRICE) values (36,1,1,45,687);
Insert into ORDER_ITEMS (ORDER_ID,ITEM_ID,medicine_id,QUANTITY,UNIT_PRICE) values (37,1,1,150,1315);
Insert into ORDER_ITEMS (ORDER_ID,ITEM_ID,medicine_id,QUANTITY,UNIT_PRICE) values (38,1,1,90,660);
Insert into ORDER_ITEMS (ORDER_ID,ITEM_ID,medicine_id,QUANTITY,UNIT_PRICE) values (39,1,1,116,1450);
Insert into ORDER_ITEMS (ORDER_ID,ITEM_ID,medicine_id,QUANTITY,UNIT_PRICE) values (40,1,1,106,420);
Insert into ORDER_ITEMS (ORDER_ID,ITEM_ID,medicine_id,QUANTITY,UNIT_PRICE) values (41,1,1,80,48);
Insert into ORDER_ITEMS (ORDER_ID,ITEM_ID,medicine_id,QUANTITY,UNIT_PRICE) values (42,1,1,45,418);
Insert into ORDER_ITEMS (ORDER_ID,ITEM_ID,medicine_id,QUANTITY,UNIT_PRICE) values (43,1,1,74,863);
Insert into ORDER_ITEMS (ORDER_ID,ITEM_ID,medicine_id,QUANTITY,UNIT_PRICE) values (44,1,1,118,760);
Insert into ORDER_ITEMS (ORDER_ID,ITEM_ID,medicine_id,QUANTITY,UNIT_PRICE) values (45,1,1,43,702);
Insert into ORDER_ITEMS (ORDER_ID,ITEM_ID,medicine_id,QUANTITY,UNIT_PRICE) values (46,1,1,51,892);
Insert into ORDER_ITEMS (ORDER_ID,ITEM_ID,medicine_id,QUANTITY,UNIT_PRICE) values (47,1,1,73,2000);
Insert into ORDER_ITEMS (ORDER_ID,ITEM_ID,medicine_id,QUANTITY,UNIT_PRICE) values (48,1,1,46,1667);
Insert into ORDER_ITEMS (ORDER_ID,ITEM_ID,medicine_id,QUANTITY,UNIT_PRICE) values (49,1,1,104,358);
Insert into ORDER_ITEMS (ORDER_ID,ITEM_ID,medicine_id,QUANTITY,UNIT_PRICE) values (50,1,1,49,830);
Insert into ORDER_ITEMS (ORDER_ID,ITEM_ID,medicine_id,QUANTITY,UNIT_PRICE) values (51,1,1,34,750);
Insert into ORDER_ITEMS (ORDER_ID,ITEM_ID,medicine_id,QUANTITY,UNIT_PRICE) values (52,1,1,123,42);
Insert into ORDER_ITEMS (ORDER_ID,ITEM_ID,medicine_id,QUANTITY,UNIT_PRICE) values (53,1,1,130,98);
Insert into ORDER_ITEMS (ORDER_ID,ITEM_ID,medicine_id,QUANTITY,UNIT_PRICE) values (54,1,1,73,1200);
Insert into ORDER_ITEMS (ORDER_ID,ITEM_ID,medicine_id,QUANTITY,UNIT_PRICE) values (55,1,1,127,2043);
Insert into ORDER_ITEMS (ORDER_ID,ITEM_ID,medicine_id,QUANTITY,UNIT_PRICE) values (56,1,1,70,440);
Insert into ORDER_ITEMS (ORDER_ID,ITEM_ID,medicine_id,QUANTITY,UNIT_PRICE) values (57,1,1,75,350);
Insert into ORDER_ITEMS (ORDER_ID,ITEM_ID,medicine_id,QUANTITY,UNIT_PRICE) values (58,1,1,55,526);
Insert into ORDER_ITEMS (ORDER_ID,ITEM_ID,medicine_id,QUANTITY,UNIT_PRICE) values (59,1,1,101,2000);
Insert into ORDER_ITEMS (ORDER_ID,ITEM_ID,medicine_id,QUANTITY,UNIT_PRICE) values (60,1,1,74,650);
Insert into ORDER_ITEMS (ORDER_ID,ITEM_ID,medicine_id,QUANTITY,UNIT_PRICE) values (61,1,1,114,798);
Insert into ORDER_ITEMS (ORDER_ID,ITEM_ID,medicine_id,QUANTITY,UNIT_PRICE) values (62,1,1,130,482);
Insert into ORDER_ITEMS (ORDER_ID,ITEM_ID,medicine_id,QUANTITY,UNIT_PRICE) values (63,1,1,72,711);
Insert into ORDER_ITEMS (ORDER_ID,ITEM_ID,medicine_id,QUANTITY,UNIT_PRICE) values (64,1,1,61,648);
Insert into ORDER_ITEMS (ORDER_ID,ITEM_ID,medicine_id,QUANTITY,UNIT_PRICE) values (65,1,1,104,150);
Insert into ORDER_ITEMS (ORDER_ID,ITEM_ID,medicine_id,QUANTITY,UNIT_PRICE) values (66,1,1,143,696);
Insert into ORDER_ITEMS (ORDER_ID,ITEM_ID,medicine_id,QUANTITY,UNIT_PRICE) values (67,1,1,61,330);
Insert into ORDER_ITEMS (ORDER_ID,ITEM_ID,medicine_id,QUANTITY,UNIT_PRICE) values (68,1,1,98,1900);
Insert into ORDER_ITEMS (ORDER_ID,ITEM_ID,medicine_id,QUANTITY,UNIT_PRICE) values (69,1,1,57,4139);
Insert into ORDER_ITEMS (ORDER_ID,ITEM_ID,medicine_id,QUANTITY,UNIT_PRICE) values (70,1,1,146,874);
Insert into ORDER_ITEMS (ORDER_ID,ITEM_ID,medicine_id,QUANTITY,UNIT_PRICE) values (71,1,1,146,1704);
Insert into ORDER_ITEMS (ORDER_ID,ITEM_ID,medicine_id,QUANTITY,UNIT_PRICE) values (72,1,1,101,735);
Insert into ORDER_ITEMS (ORDER_ID,ITEM_ID,medicine_id,QUANTITY,UNIT_PRICE) values (73,1,1,120,1699);
Insert into ORDER_ITEMS (ORDER_ID,ITEM_ID,medicine_id,QUANTITY,UNIT_PRICE) values (74,1,1,97,84);
Insert into ORDER_ITEMS (ORDER_ID,ITEM_ID,medicine_id,QUANTITY,UNIT_PRICE) values (75,1,1,73,785);
Insert into ORDER_ITEMS (ORDER_ID,ITEM_ID,medicine_id,QUANTITY,UNIT_PRICE) values (76,1,1,92,714);
Insert into ORDER_ITEMS (ORDER_ID,ITEM_ID,medicine_id,QUANTITY,UNIT_PRICE) values (77,1,1,65,671);
Insert into ORDER_ITEMS (ORDER_ID,ITEM_ID,medicine_id,QUANTITY,UNIT_PRICE) values (78,1,1,147,2200);
Insert into ORDER_ITEMS (ORDER_ID,ITEM_ID,medicine_id,QUANTITY,UNIT_PRICE) values (79,1,1,145,340);
Insert into ORDER_ITEMS (ORDER_ID,ITEM_ID,medicine_id,QUANTITY,UNIT_PRICE) values (80,1,1,63,1470);
Insert into ORDER_ITEMS (ORDER_ID,ITEM_ID,medicine_id,QUANTITY,UNIT_PRICE) values (81,1,1,133,742);
Insert into ORDER_ITEMS (ORDER_ID,ITEM_ID,medicine_id,QUANTITY,UNIT_PRICE) values (82,1,1,42,2260);
Insert into ORDER_ITEMS (ORDER_ID,ITEM_ID,medicine_id,QUANTITY,UNIT_PRICE) values (83,1,1,35,89);
Insert into ORDER_ITEMS (ORDER_ID,ITEM_ID,medicine_id,QUANTITY,UNIT_PRICE) values (84,1,1,137,609);
Insert into ORDER_ITEMS (ORDER_ID,ITEM_ID,medicine_id,QUANTITY,UNIT_PRICE) values (85,1,1,114,589);
Insert into ORDER_ITEMS (ORDER_ID,ITEM_ID,medicine_id,QUANTITY,UNIT_PRICE) values (86,1,1,46,714);
Insert into ORDER_ITEMS (ORDER_ID,ITEM_ID,medicine_id,QUANTITY,UNIT_PRICE) values (87,1,1,123,2377);
Insert into ORDER_ITEMS (ORDER_ID,ITEM_ID,medicine_id,QUANTITY,UNIT_PRICE) values (88,1,1,139,678);
Insert into ORDER_ITEMS (ORDER_ID,ITEM_ID,medicine_id,QUANTITY,UNIT_PRICE) values (89,1,1,45,340);
Insert into ORDER_ITEMS (ORDER_ID,ITEM_ID,medicine_id,QUANTITY,UNIT_PRICE) values (90,1,1,84,1200);
Insert into ORDER_ITEMS (ORDER_ID,ITEM_ID,medicine_id,QUANTITY,UNIT_PRICE) values (91,1,1,89,723);
Insert into ORDER_ITEMS (ORDER_ID,ITEM_ID,medicine_id,QUANTITY,UNIT_PRICE) values (92,1,1,114,1200);
Insert into ORDER_ITEMS (ORDER_ID,ITEM_ID,medicine_id,QUANTITY,UNIT_PRICE) values (93,1,1,70,85);
Insert into ORDER_ITEMS (ORDER_ID,ITEM_ID,medicine_id,QUANTITY,UNIT_PRICE) values (94,1,1,38,91);
Insert into ORDER_ITEMS (ORDER_ID,ITEM_ID,medicine_id,QUANTITY,UNIT_PRICE) values (95,1,1,138,1677);
Insert into ORDER_ITEMS (ORDER_ID,ITEM_ID,medicine_id,QUANTITY,UNIT_PRICE) values (96,1,1,34,268);
Insert into ORDER_ITEMS (ORDER_ID,ITEM_ID,medicine_id,QUANTITY,UNIT_PRICE) values (97,1,1,39,3193);
Insert into ORDER_ITEMS (ORDER_ID,ITEM_ID,medicine_id,QUANTITY,UNIT_PRICE) values (98,1,1,104,400);
Insert into ORDER_ITEMS (ORDER_ID,ITEM_ID,medicine_id,QUANTITY,UNIT_PRICE) values (99,1,1,66,110);
Insert into ORDER_ITEMS (ORDER_ID,ITEM_ID,medicine_id,QUANTITY,UNIT_PRICE) values (100,1,1,70,150);
Insert into ORDER_ITEMS (ORDER_ID,ITEM_ID,medicine_id,QUANTITY,UNIT_PRICE) values (101,1,1,47,699);
Insert into ORDER_ITEMS (ORDER_ID,ITEM_ID,medicine_id,QUANTITY,UNIT_PRICE) values (102,1,1,69,1100);
Insert into ORDER_ITEMS (ORDER_ID,ITEM_ID,medicine_id,QUANTITY,UNIT_PRICE) values (103,1,1,117,850);
Insert into ORDER_ITEMS (ORDER_ID,ITEM_ID,medicine_id,QUANTITY,UNIT_PRICE) values (104,1,1,74,735);
Insert into ORDER_ITEMS (ORDER_ID,ITEM_ID,medicine_id,QUANTITY,UNIT_PRICE) values (105,1,1,116,444);
Insert into ORDER_ITEMS (ORDER_ID,ITEM_ID,medicine_id,QUANTITY,UNIT_PRICE) values (1,2,2,77,687);
Insert into ORDER_ITEMS (ORDER_ID,ITEM_ID,medicine_id,QUANTITY,UNIT_PRICE) values (3,2,2,65,17);
Insert into ORDER_ITEMS (ORDER_ID,ITEM_ID,medicine_id,QUANTITY,UNIT_PRICE) values (5,2,2,45,726);
Insert into ORDER_ITEMS (ORDER_ID,ITEM_ID,medicine_id,QUANTITY,UNIT_PRICE) values (8,2,2,70,825);
Insert into ORDER_ITEMS (ORDER_ID,ITEM_ID,medicine_id,QUANTITY,UNIT_PRICE) values (9,2,2,123,68);
Insert into ORDER_ITEMS (ORDER_ID,ITEM_ID,medicine_id,QUANTITY,UNIT_PRICE) values (10,2,2,102,812);
Insert into ORDER_ITEMS (ORDER_ID,ITEM_ID,medicine_id,QUANTITY,UNIT_PRICE) values (12,2,2,58,573);
Insert into ORDER_ITEMS (ORDER_ID,ITEM_ID,medicine_id,QUANTITY,UNIT_PRICE) values (15,2,2,67,1205);
Insert into ORDER_ITEMS (ORDER_ID,ITEM_ID,medicine_id,QUANTITY,UNIT_PRICE) values (16,2,2,106,589);
Insert into ORDER_ITEMS (ORDER_ID,ITEM_ID,medicine_id,QUANTITY,UNIT_PRICE) values (19,2,2,62,67);
Insert into ORDER_ITEMS (ORDER_ID,ITEM_ID,medicine_id,QUANTITY,UNIT_PRICE) values (20,2,2,78,300);
Insert into ORDER_ITEMS (ORDER_ID,ITEM_ID,medicine_id,QUANTITY,UNIT_PRICE) values (21,2,2,146,636);
Insert into ORDER_ITEMS (ORDER_ID,ITEM_ID,medicine_id,QUANTITY,UNIT_PRICE) values (22,2,2,45,732);
Insert into ORDER_ITEMS (ORDER_ID,ITEM_ID,medicine_id,QUANTITY,UNIT_PRICE) values (23,2,2,50,949);
Insert into ORDER_ITEMS (ORDER_ID,ITEM_ID,medicine_id,QUANTITY,UNIT_PRICE) values (25,2,2,119,740);
Insert into ORDER_ITEMS (ORDER_ID,ITEM_ID,medicine_id,QUANTITY,UNIT_PRICE) values (27,2,2,77,420);
Insert into ORDER_ITEMS (ORDER_ID,ITEM_ID,medicine_id,QUANTITY,UNIT_PRICE) values (28,2,2,120,722);
Insert into ORDER_ITEMS (ORDER_ID,ITEM_ID,medicine_id,QUANTITY,UNIT_PRICE) values (29,2,2,62,1500);
Insert into ORDER_ITEMS (ORDER_ID,ITEM_ID,medicine_id,QUANTITY,UNIT_PRICE) values (31,2,2,97,939);
Insert into ORDER_ITEMS (ORDER_ID,ITEM_ID,medicine_id,QUANTITY,UNIT_PRICE) values (33,2,2,33,1249);
Insert into ORDER_ITEMS (ORDER_ID,ITEM_ID,medicine_id,QUANTITY,UNIT_PRICE) values (35,2,2,134,711);
Insert into ORDER_ITEMS (ORDER_ID,ITEM_ID,medicine_id,QUANTITY,UNIT_PRICE) values (36,2,2,105,636);
Insert into ORDER_ITEMS (ORDER_ID,ITEM_ID,medicine_id,QUANTITY,UNIT_PRICE) values (37,2,2,129,863);
Insert into ORDER_ITEMS (ORDER_ID,ITEM_ID,medicine_id,QUANTITY,UNIT_PRICE) values (38,2,2,52,1845);
Insert into ORDER_ITEMS (ORDER_ID,ITEM_ID,medicine_id,QUANTITY,UNIT_PRICE) values (39,2,2,108,1249);
Insert into ORDER_ITEMS (ORDER_ID,ITEM_ID,medicine_id,QUANTITY,UNIT_PRICE) values (40,2,2,131,636);
Insert into ORDER_ITEMS (ORDER_ID,ITEM_ID,medicine_id,QUANTITY,UNIT_PRICE) values (41,2,2,82,1300);
Insert into ORDER_ITEMS (ORDER_ID,ITEM_ID,medicine_id,QUANTITY,UNIT_PRICE) values (43,2,2,66,330);
Insert into ORDER_ITEMS (ORDER_ID,ITEM_ID,medicine_id,QUANTITY,UNIT_PRICE) values (46,2,2,112,2700);
Insert into ORDER_ITEMS (ORDER_ID,ITEM_ID,medicine_id,QUANTITY,UNIT_PRICE) values (47,2,2,107,151);
Insert into ORDER_ITEMS (ORDER_ID,ITEM_ID,medicine_id,QUANTITY,UNIT_PRICE) values (48,2,2,98,2009);
Insert into ORDER_ITEMS (ORDER_ID,ITEM_ID,medicine_id,QUANTITY,UNIT_PRICE) values (53,2,2,89,44);
Insert into ORDER_ITEMS (ORDER_ID,ITEM_ID,medicine_id,QUANTITY,UNIT_PRICE) values (55,2,2,70,470);
Insert into ORDER_ITEMS (ORDER_ID,ITEM_ID,medicine_id,QUANTITY,UNIT_PRICE) values (58,2,2,32,892);
Insert into ORDER_ITEMS (ORDER_ID,ITEM_ID,medicine_id,QUANTITY,UNIT_PRICE) values (59,2,2,34,1639);
Insert into ORDER_ITEMS (ORDER_ID,ITEM_ID,medicine_id,QUANTITY,UNIT_PRICE) values (60,2,2,138,705);
Insert into ORDER_ITEMS (ORDER_ID,ITEM_ID,medicine_id,QUANTITY,UNIT_PRICE) values (61,2,2,75,17);
Insert into ORDER_ITEMS (ORDER_ID,ITEM_ID,medicine_id,QUANTITY,UNIT_PRICE) values (63,2,2,47,1020);
Insert into ORDER_ITEMS (ORDER_ID,ITEM_ID,medicine_id,QUANTITY,UNIT_PRICE) values (65,2,2,83,705);
Insert into ORDER_ITEMS (ORDER_ID,ITEM_ID,medicine_id,QUANTITY,UNIT_PRICE) values (66,2,2,40,1389);
Insert into ORDER_ITEMS (ORDER_ID,ITEM_ID,medicine_id,QUANTITY,UNIT_PRICE) values (67,2,2,121,290);
Insert into ORDER_ITEMS (ORDER_ID,ITEM_ID,medicine_id,QUANTITY,UNIT_PRICE) values (68,2,2,42,2775);
Insert into ORDER_ITEMS (ORDER_ID,ITEM_ID,medicine_id,QUANTITY,UNIT_PRICE) values (69,2,2,66,660);
Insert into ORDER_ITEMS (ORDER_ID,ITEM_ID,medicine_id,QUANTITY,UNIT_PRICE) values (70,2,2,52,830);
Insert into ORDER_ITEMS (ORDER_ID,ITEM_ID,medicine_id,QUANTITY,UNIT_PRICE) values (71,2,2,38,1756);
Insert into ORDER_ITEMS (ORDER_ID,ITEM_ID,medicine_id,QUANTITY,UNIT_PRICE) values (72,2,2,123,1065);
Insert into ORDER_ITEMS (ORDER_ID,ITEM_ID,medicine_id,QUANTITY,UNIT_PRICE) values (74,2,2,86,339);
Insert into ORDER_ITEMS (ORDER_ID,ITEM_ID,medicine_id,QUANTITY,UNIT_PRICE) values (75,2,2,74,354);
Insert into ORDER_ITEMS (ORDER_ID,ITEM_ID,medicine_id,QUANTITY,UNIT_PRICE) values (76,2,2,98,1760);
Insert into ORDER_ITEMS (ORDER_ID,ITEM_ID,medicine_id,QUANTITY,UNIT_PRICE) values (77,2,2,136,44);
Insert into ORDER_ITEMS (ORDER_ID,ITEM_ID,medicine_id,QUANTITY,UNIT_PRICE) values (78,2,2,50,1845);
Insert into ORDER_ITEMS (ORDER_ID,ITEM_ID,medicine_id,QUANTITY,UNIT_PRICE) values (79,2,2,53,1432);
Insert into ORDER_ITEMS (ORDER_ID,ITEM_ID,medicine_id,QUANTITY,UNIT_PRICE) values (82,2,2,71,644);
Insert into ORDER_ITEMS (ORDER_ID,ITEM_ID,medicine_id,QUANTITY,UNIT_PRICE) values (83,2,2,54,1100);
Insert into ORDER_ITEMS (ORDER_ID,ITEM_ID,medicine_id,QUANTITY,UNIT_PRICE) values (84,2,2,137,648);
Insert into ORDER_ITEMS (ORDER_ID,ITEM_ID,medicine_id,QUANTITY,UNIT_PRICE) values (85,2,2,35,137);
Insert into ORDER_ITEMS (ORDER_ID,ITEM_ID,medicine_id,QUANTITY,UNIT_PRICE) values (86,2,2,47,395);
Insert into ORDER_ITEMS (ORDER_ID,ITEM_ID,medicine_id,QUANTITY,UNIT_PRICE) values (87,2,2,96,60);
Insert into ORDER_ITEMS (ORDER_ID,ITEM_ID,medicine_id,QUANTITY,UNIT_PRICE) values (88,2,2,106,2015);
Insert into ORDER_ITEMS (ORDER_ID,ITEM_ID,medicine_id,QUANTITY,UNIT_PRICE) values (89,2,2,84,2043);
Insert into ORDER_ITEMS (ORDER_ID,ITEM_ID,medicine_id,QUANTITY,UNIT_PRICE) values (90,2,2,60,526);
Insert into ORDER_ITEMS (ORDER_ID,ITEM_ID,medicine_id,QUANTITY,UNIT_PRICE) values (91,2,2,127,760);
Insert into ORDER_ITEMS (ORDER_ID,ITEM_ID,medicine_id,QUANTITY,UNIT_PRICE) values (92,2,2,126,418);
Insert into ORDER_ITEMS (ORDER_ID,ITEM_ID,medicine_id,QUANTITY,UNIT_PRICE) values (94,2,2,146,1450);
Insert into ORDER_ITEMS (ORDER_ID,ITEM_ID,medicine_id,QUANTITY,UNIT_PRICE) values (95,2,2,64,403);
Insert into ORDER_ITEMS (ORDER_ID,ITEM_ID,medicine_id,QUANTITY,UNIT_PRICE) values (97,2,2,82,3255);
Insert into ORDER_ITEMS (ORDER_ID,ITEM_ID,medicine_id,QUANTITY,UNIT_PRICE) values (101,2,2,134,705);
Insert into ORDER_ITEMS (ORDER_ID,ITEM_ID,medicine_id,QUANTITY,UNIT_PRICE) values (104,2,2,90,383);
Insert into ORDER_ITEMS (ORDER_ID,ITEM_ID,medicine_id,QUANTITY,UNIT_PRICE) values (105,2,2,67,1752);
Insert into ORDER_ITEMS (ORDER_ID,ITEM_ID,medicine_id,QUANTITY,UNIT_PRICE) values (1,3,3,52,526);
Insert into ORDER_ITEMS (ORDER_ID,ITEM_ID,medicine_id,QUANTITY,UNIT_PRICE) values (8,3,3,87,660);
Insert into ORDER_ITEMS (ORDER_ID,ITEM_ID,medicine_id,QUANTITY,UNIT_PRICE) values (9,3,3,90,1432);
Insert into ORDER_ITEMS (ORDER_ID,ITEM_ID,medicine_id,QUANTITY,UNIT_PRICE) values (12,3,3,75,300);
Insert into ORDER_ITEMS (ORDER_ID,ITEM_ID,medicine_id,QUANTITY,UNIT_PRICE) values (15,3,3,133,344);
Insert into ORDER_ITEMS (ORDER_ID,ITEM_ID,medicine_id,QUANTITY,UNIT_PRICE) values (16,3,3,56,42);
Insert into ORDER_ITEMS (ORDER_ID,ITEM_ID,medicine_id,QUANTITY,UNIT_PRICE) values (19,3,3,142,90);
Insert into ORDER_ITEMS (ORDER_ID,ITEM_ID,medicine_id,QUANTITY,UNIT_PRICE) values (22,3,3,77,67);
Insert into ORDER_ITEMS (ORDER_ID,ITEM_ID,medicine_id,QUANTITY,UNIT_PRICE) values (25,3,3,65,646);
Insert into ORDER_ITEMS (ORDER_ID,ITEM_ID,medicine_id,QUANTITY,UNIT_PRICE) values (27,3,3,96,766);
Insert into ORDER_ITEMS (ORDER_ID,ITEM_ID,medicine_id,QUANTITY,UNIT_PRICE) values (28,3,3,56,300);
Insert into ORDER_ITEMS (ORDER_ID,ITEM_ID,medicine_id,QUANTITY,UNIT_PRICE) values (29,3,3,118,48);
Insert into ORDER_ITEMS (ORDER_ID,ITEM_ID,medicine_id,QUANTITY,UNIT_PRICE) values (36,3,3,102,98);
Insert into ORDER_ITEMS (ORDER_ID,ITEM_ID,medicine_id,QUANTITY,UNIT_PRICE) values (38,3,3,89,89);
Insert into ORDER_ITEMS (ORDER_ID,ITEM_ID,medicine_id,QUANTITY,UNIT_PRICE) values (39,3,3,33,714);
Insert into ORDER_ITEMS (ORDER_ID,ITEM_ID,medicine_id,QUANTITY,UNIT_PRICE) values (40,3,3,131,339);
Insert into ORDER_ITEMS (ORDER_ID,ITEM_ID,medicine_id,QUANTITY,UNIT_PRICE) values (41,3,3,86,679);
Insert into ORDER_ITEMS (ORDER_ID,ITEM_ID,medicine_id,QUANTITY,UNIT_PRICE) values (43,3,3,94,3193);
Insert into ORDER_ITEMS (ORDER_ID,ITEM_ID,medicine_id,QUANTITY,UNIT_PRICE) values (46,3,3,86,354);
Insert into ORDER_ITEMS (ORDER_ID,ITEM_ID,medicine_id,QUANTITY,UNIT_PRICE) values (47,3,3,99,1200);
Insert into ORDER_ITEMS (ORDER_ID,ITEM_ID,medicine_id,QUANTITY,UNIT_PRICE) values (57,2,2,110,1760);
Insert into ORDER_ITEMS (ORDER_ID,ITEM_ID,medicine_id,QUANTITY,UNIT_PRICE) values (58,3,3,73,705);
Insert into ORDER_ITEMS (ORDER_ID,ITEM_ID,medicine_id,QUANTITY,UNIT_PRICE) values (59,3,3,105,700);
Insert into ORDER_ITEMS (ORDER_ID,ITEM_ID,medicine_id,QUANTITY,UNIT_PRICE) values (60,3,3,144,1074);
Insert into ORDER_ITEMS (ORDER_ID,ITEM_ID,medicine_id,QUANTITY,UNIT_PRICE) values (61,3,3,59,284);
Insert into ORDER_ITEMS (ORDER_ID,ITEM_ID,medicine_id,QUANTITY,UNIT_PRICE) values (65,3,3,35,732);
Insert into ORDER_ITEMS (ORDER_ID,ITEM_ID,medicine_id,QUANTITY,UNIT_PRICE) values (66,3,3,35,234);
Insert into ORDER_ITEMS (ORDER_ID,ITEM_ID,medicine_id,QUANTITY,UNIT_PRICE) values (67,3,3,94,1010);
Insert into ORDER_ITEMS (ORDER_ID,ITEM_ID,medicine_id,QUANTITY,UNIT_PRICE) values (68,3,3,50,900);
Insert into ORDER_ITEMS (ORDER_ID,ITEM_ID,medicine_id,QUANTITY,UNIT_PRICE) values (69,3,3,112,580);
Insert into ORDER_ITEMS (ORDER_ID,ITEM_ID,medicine_id,QUANTITY,UNIT_PRICE) values (71,3,3,75,1056);
Insert into ORDER_ITEMS (ORDER_ID,ITEM_ID,medicine_id,QUANTITY,UNIT_PRICE) values (72,3,3,145,444);
Insert into ORDER_ITEMS (ORDER_ID,ITEM_ID,medicine_id,QUANTITY,UNIT_PRICE) values (75,3,3,143,53);
Insert into ORDER_ITEMS (ORDER_ID,ITEM_ID,medicine_id,QUANTITY,UNIT_PRICE) values (76,3,3,134,1900);
Insert into ORDER_ITEMS (ORDER_ID,ITEM_ID,medicine_id,QUANTITY,UNIT_PRICE) values (77,3,3,143,1389);
Insert into ORDER_ITEMS (ORDER_ID,ITEM_ID,medicine_id,QUANTITY,UNIT_PRICE) values (78,3,3,119,769);
Insert into ORDER_ITEMS (ORDER_ID,ITEM_ID,medicine_id,QUANTITY,UNIT_PRICE) values (83,3,3,76,732);
Insert into ORDER_ITEMS (ORDER_ID,ITEM_ID,medicine_id,QUANTITY,UNIT_PRICE) values (86,3,3,45,330);
Insert into ORDER_ITEMS (ORDER_ID,ITEM_ID,medicine_id,QUANTITY,UNIT_PRICE) values (87,3,3,119,117);
Insert into ORDER_ITEMS (ORDER_ID,ITEM_ID,medicine_id,QUANTITY,UNIT_PRICE) values (89,3,3,89,350);
Insert into ORDER_ITEMS (ORDER_ID,ITEM_ID,medicine_id,QUANTITY,UNIT_PRICE) values (91,3,3,83,1419);
Insert into ORDER_ITEMS (ORDER_ID,ITEM_ID,medicine_id,QUANTITY,UNIT_PRICE) values (97,3,3,61,770);
Insert into ORDER_ITEMS (ORDER_ID,ITEM_ID,medicine_id,QUANTITY,UNIT_PRICE) values (101,3,3,134,128);
Insert into ORDER_ITEMS (ORDER_ID,ITEM_ID,medicine_id,QUANTITY,UNIT_PRICE) values (104,3,3,48,2502);
Insert into ORDER_ITEMS (ORDER_ID,ITEM_ID,medicine_id,QUANTITY,UNIT_PRICE) values (105,3,3,45,400);
Insert into ORDER_ITEMS (ORDER_ID,ITEM_ID,medicine_id,QUANTITY,UNIT_PRICE) values (1,4,4,87,1030);
Insert into ORDER_ITEMS (ORDER_ID,ITEM_ID,medicine_id,QUANTITY,UNIT_PRICE) values (8,4,4,40,105);
Insert into ORDER_ITEMS (ORDER_ID,ITEM_ID,medicine_id,QUANTITY,UNIT_PRICE) values (9,4,4,62,320);
Insert into ORDER_ITEMS (ORDER_ID,ITEM_ID,medicine_id,QUANTITY,UNIT_PRICE) values (12,4,4,70,290);
Insert into ORDER_ITEMS (ORDER_ID,ITEM_ID,medicine_id,QUANTITY,UNIT_PRICE) values (13,2,2,82,1275);
Insert into ORDER_ITEMS (ORDER_ID,ITEM_ID,medicine_id,QUANTITY,UNIT_PRICE) values (14,2,2,133,4139);
Insert into ORDER_ITEMS (ORDER_ID,ITEM_ID,medicine_id,QUANTITY,UNIT_PRICE) values (16,4,4,42,110);
Insert into ORDER_ITEMS (ORDER_ID,ITEM_ID,medicine_id,QUANTITY,UNIT_PRICE) values (18,2,2,57,310);
Insert into ORDER_ITEMS (ORDER_ID,ITEM_ID,medicine_id,QUANTITY,UNIT_PRICE) values (22,4,4,44,320);
Insert into ORDER_ITEMS (ORDER_ID,ITEM_ID,medicine_id,QUANTITY,UNIT_PRICE) values (24,2,2,61,305);
Insert into ORDER_ITEMS (ORDER_ID,ITEM_ID,medicine_id,QUANTITY,UNIT_PRICE) values (25,4,4,80,1200);
Insert into ORDER_ITEMS (ORDER_ID,ITEM_ID,medicine_id,QUANTITY,UNIT_PRICE) values (26,2,2,92,1450);
Insert into ORDER_ITEMS (ORDER_ID,ITEM_ID,medicine_id,QUANTITY,UNIT_PRICE) values (27,4,4,95,90);
Insert into ORDER_ITEMS (ORDER_ID,ITEM_ID,medicine_id,QUANTITY,UNIT_PRICE) values (28,4,4,139,1200);
Insert into ORDER_ITEMS (ORDER_ID,ITEM_ID,medicine_id,QUANTITY,UNIT_PRICE) values (29,4,4,32,420);
Insert into ORDER_ITEMS (ORDER_ID,ITEM_ID,medicine_id,QUANTITY,UNIT_PRICE) values (30,2,2,137,621);
Insert into ORDER_ITEMS (ORDER_ID,ITEM_ID,medicine_id,QUANTITY,UNIT_PRICE) values (33,3,3,67,402);
Insert into ORDER_ITEMS (ORDER_ID,ITEM_ID,medicine_id,QUANTITY,UNIT_PRICE) values (36,4,4,72,812);
Insert into ORDER_ITEMS (ORDER_ID,ITEM_ID,medicine_id,QUANTITY,UNIT_PRICE) values (38,4,4,59,487);
Insert into ORDER_ITEMS (ORDER_ID,ITEM_ID,medicine_id,QUANTITY,UNIT_PRICE) values (40,4,4,80,137);
Insert into ORDER_ITEMS (ORDER_ID,ITEM_ID,medicine_id,QUANTITY,UNIT_PRICE) values (41,4,4,49,58);
Insert into ORDER_ITEMS (ORDER_ID,ITEM_ID,medicine_id,QUANTITY,UNIT_PRICE) values (43,4,4,86,2800);
Insert into ORDER_ITEMS (ORDER_ID,ITEM_ID,medicine_id,QUANTITY,UNIT_PRICE) values (44,2,2,148,830);
Insert into ORDER_ITEMS (ORDER_ID,ITEM_ID,medicine_id,QUANTITY,UNIT_PRICE) values (46,4,4,104,89);
Insert into ORDER_ITEMS (ORDER_ID,ITEM_ID,medicine_id,QUANTITY,UNIT_PRICE) values (57,3,3,122,742);
Insert into ORDER_ITEMS (ORDER_ID,ITEM_ID,medicine_id,QUANTITY,UNIT_PRICE) values (58,4,4,70,1450);
Insert into ORDER_ITEMS (ORDER_ID,ITEM_ID,medicine_id,QUANTITY,UNIT_PRICE) values (59,4,4,138,2377);
Insert into ORDER_ITEMS (ORDER_ID,ITEM_ID,medicine_id,QUANTITY,UNIT_PRICE) values (60,4,4,125,2200);
Insert into ORDER_ITEMS (ORDER_ID,ITEM_ID,medicine_id,QUANTITY,UNIT_PRICE) values (61,4,4,71,418);
Insert into ORDER_ITEMS (ORDER_ID,ITEM_ID,medicine_id,QUANTITY,UNIT_PRICE) values (67,4,4,117,714);
Insert into ORDER_ITEMS (ORDER_ID,ITEM_ID,medicine_id,QUANTITY,UNIT_PRICE) values (68,4,4,125,1900);
Insert into ORDER_ITEMS (ORDER_ID,ITEM_ID,medicine_id,QUANTITY,UNIT_PRICE) values (73,2,2,130,1315);
Insert into ORDER_ITEMS (ORDER_ID,ITEM_ID,medicine_id,QUANTITY,UNIT_PRICE) values (75,4,4,115,2999);
Insert into ORDER_ITEMS (ORDER_ID,ITEM_ID,medicine_id,QUANTITY,UNIT_PRICE) values (76,4,4,56,1074);
Insert into ORDER_ITEMS (ORDER_ID,ITEM_ID,medicine_id,QUANTITY,UNIT_PRICE) values (77,4,4,99,2555);
Insert into ORDER_ITEMS (ORDER_ID,ITEM_ID,medicine_id,QUANTITY,UNIT_PRICE) values (78,4,4,87,621);
Insert into ORDER_ITEMS (ORDER_ID,ITEM_ID,medicine_id,QUANTITY,UNIT_PRICE) values (79,3,3,138,687);
Insert into ORDER_ITEMS (ORDER_ID,ITEM_ID,medicine_id,QUANTITY,UNIT_PRICE) values (83,4,4,106,1505);
Insert into ORDER_ITEMS (ORDER_ID,ITEM_ID,medicine_id,QUANTITY,UNIT_PRICE) values (86,4,4,76,722);
Insert into ORDER_ITEMS (ORDER_ID,ITEM_ID,medicine_id,QUANTITY,UNIT_PRICE) values (89,4,4,126,580);
Insert into ORDER_ITEMS (ORDER_ID,ITEM_ID,medicine_id,QUANTITY,UNIT_PRICE) values (90,3,3,106,296);
Insert into ORDER_ITEMS (ORDER_ID,ITEM_ID,medicine_id,QUANTITY,UNIT_PRICE) values (91,4,4,75,397);
Insert into ORDER_ITEMS (ORDER_ID,ITEM_ID,medicine_id,QUANTITY,UNIT_PRICE) values (94,3,3,86,1389);
Insert into ORDER_ITEMS (ORDER_ID,ITEM_ID,medicine_id,QUANTITY,UNIT_PRICE) values (105,4,4,80,646);
Insert into ORDER_ITEMS (ORDER_ID,ITEM_ID,medicine_id,QUANTITY,UNIT_PRICE) values (1,5,5,131,646);
Insert into ORDER_ITEMS (ORDER_ID,ITEM_ID,medicine_id,QUANTITY,UNIT_PRICE) values (2,2,2,121,1432);
Insert into ORDER_ITEMS (ORDER_ID,ITEM_ID,medicine_id,QUANTITY,UNIT_PRICE) values (3,3,3,63,480);
Insert into ORDER_ITEMS (ORDER_ID,ITEM_ID,medicine_id,QUANTITY,UNIT_PRICE) values (5,3,3,82,864);
Insert into ORDER_ITEMS (ORDER_ID,ITEM_ID,medicine_id,QUANTITY,UNIT_PRICE) values (6,2,2,41,646);
Insert into ORDER_ITEMS (ORDER_ID,ITEM_ID,medicine_id,QUANTITY,UNIT_PRICE) values (8,5,5,118,55);
Insert into ORDER_ITEMS (ORDER_ID,ITEM_ID,medicine_id,QUANTITY,UNIT_PRICE) values (12,5,5,133,1200);
Insert into ORDER_ITEMS (ORDER_ID,ITEM_ID,medicine_id,QUANTITY,UNIT_PRICE) values (13,3,3,80,1806);
Insert into ORDER_ITEMS (ORDER_ID,ITEM_ID,medicine_id,QUANTITY,UNIT_PRICE) values (15,4,4,71,740);
Insert into ORDER_ITEMS (ORDER_ID,ITEM_ID,medicine_id,QUANTITY,UNIT_PRICE) values (19,4,4,46,81);
Insert into ORDER_ITEMS (ORDER_ID,ITEM_ID,medicine_id,QUANTITY,UNIT_PRICE) values (21,3,3,120,339);
Insert into ORDER_ITEMS (ORDER_ID,ITEM_ID,medicine_id,QUANTITY,UNIT_PRICE) values (22,5,5,59,1909);
Insert into ORDER_ITEMS (ORDER_ID,ITEM_ID,medicine_id,QUANTITY,UNIT_PRICE) values (23,3,3,80,1030);
Insert into ORDER_ITEMS (ORDER_ID,ITEM_ID,medicine_id,QUANTITY,UNIT_PRICE) values (24,3,3,51,2377);
Insert into ORDER_ITEMS (ORDER_ID,ITEM_ID,medicine_id,QUANTITY,UNIT_PRICE) values (25,5,5,45,42);
Insert into ORDER_ITEMS (ORDER_ID,ITEM_ID,medicine_id,QUANTITY,UNIT_PRICE) values (27,5,5,122,700);
Insert into ORDER_ITEMS (ORDER_ID,ITEM_ID,medicine_id,QUANTITY,UNIT_PRICE) values (28,5,5,99,801);
Insert into ORDER_ITEMS (ORDER_ID,ITEM_ID,medicine_id,QUANTITY,UNIT_PRICE) values (29,5,5,137,58);
Insert into ORDER_ITEMS (ORDER_ID,ITEM_ID,medicine_id,QUANTITY,UNIT_PRICE) values (30,3,3,37,268);
Insert into ORDER_ITEMS (ORDER_ID,ITEM_ID,medicine_id,QUANTITY,UNIT_PRICE) values (32,2,2,130,2999);
Insert into ORDER_ITEMS (ORDER_ID,ITEM_ID,medicine_id,QUANTITY,UNIT_PRICE) values (35,3,3,87,1065);
Insert into ORDER_ITEMS (ORDER_ID,ITEM_ID,medicine_id,QUANTITY,UNIT_PRICE) values (38,5,5,149,1200);
Insert into ORDER_ITEMS (ORDER_ID,ITEM_ID,medicine_id,QUANTITY,UNIT_PRICE) values (40,5,5,149,2065);
Insert into ORDER_ITEMS (ORDER_ID,ITEM_ID,medicine_id,QUANTITY,UNIT_PRICE) values (41,5,5,83,313);
Insert into ORDER_ITEMS (ORDER_ID,ITEM_ID,medicine_id,QUANTITY,UNIT_PRICE) values (46,5,5,94,1000);
Insert into ORDER_ITEMS (ORDER_ID,ITEM_ID,medicine_id,QUANTITY,UNIT_PRICE) values (55,3,3,79,268);
Insert into ORDER_ITEMS (ORDER_ID,ITEM_ID,medicine_id,QUANTITY,UNIT_PRICE) values (57,4,4,114,1850);
Insert into ORDER_ITEMS (ORDER_ID,ITEM_ID,medicine_id,QUANTITY,UNIT_PRICE) values (58,5,5,143,790);
Insert into ORDER_ITEMS (ORDER_ID,ITEM_ID,medicine_id,QUANTITY,UNIT_PRICE) values (59,5,5,117,671);
Insert into ORDER_ITEMS (ORDER_ID,ITEM_ID,medicine_id,QUANTITY,UNIT_PRICE) values (60,5,5,114,678);
Insert into ORDER_ITEMS (ORDER_ID,ITEM_ID,medicine_id,QUANTITY,UNIT_PRICE) values (67,5,5,129,565);
Insert into ORDER_ITEMS (ORDER_ID,ITEM_ID,medicine_id,QUANTITY,UNIT_PRICE) values (68,5,5,150,850);
Insert into ORDER_ITEMS (ORDER_ID,ITEM_ID,medicine_id,QUANTITY,UNIT_PRICE) values (69,4,4,58,1500);
Insert into ORDER_ITEMS (ORDER_ID,ITEM_ID,medicine_id,QUANTITY,UNIT_PRICE) values (74,3,3,61,1752);
Insert into ORDER_ITEMS (ORDER_ID,ITEM_ID,medicine_id,QUANTITY,UNIT_PRICE) values (75,5,5,37,520);
Insert into ORDER_ITEMS (ORDER_ID,ITEM_ID,medicine_id,QUANTITY,UNIT_PRICE) values (76,5,5,133,750);
Insert into ORDER_ITEMS (ORDER_ID,ITEM_ID,medicine_id,QUANTITY,UNIT_PRICE) values (78,5,5,37,1000);
Insert into ORDER_ITEMS (ORDER_ID,ITEM_ID,medicine_id,QUANTITY,UNIT_PRICE) values (82,3,3,121,120);
Insert into ORDER_ITEMS (ORDER_ID,ITEM_ID,medicine_id,QUANTITY,UNIT_PRICE) values (89,5,5,55,49);
Insert into ORDER_ITEMS (ORDER_ID,ITEM_ID,medicine_id,QUANTITY,UNIT_PRICE) values (91,5,5,111,1074);
Insert into ORDER_ITEMS (ORDER_ID,ITEM_ID,medicine_id,QUANTITY,UNIT_PRICE) values (94,4,4,133,565);
Insert into ORDER_ITEMS (ORDER_ID,ITEM_ID,medicine_id,QUANTITY,UNIT_PRICE) values (1,6,6,95,641);
Insert into ORDER_ITEMS (ORDER_ID,ITEM_ID,medicine_id,QUANTITY,UNIT_PRICE) values (2,3,3,39,1056);
Insert into ORDER_ITEMS (ORDER_ID,ITEM_ID,medicine_id,QUANTITY,UNIT_PRICE) values (3,4,4,46,526);
Insert into ORDER_ITEMS (ORDER_ID,ITEM_ID,medicine_id,QUANTITY,UNIT_PRICE) values (5,4,4,77,444);
Insert into ORDER_ITEMS (ORDER_ID,ITEM_ID,medicine_id,QUANTITY,UNIT_PRICE) values (12,6,6,114,745);
Insert into ORDER_ITEMS (ORDER_ID,ITEM_ID,medicine_id,QUANTITY,UNIT_PRICE) values (13,4,4,60,645);
Insert into ORDER_ITEMS (ORDER_ID,ITEM_ID,medicine_id,QUANTITY,UNIT_PRICE) values (14,3,3,87,450);
Insert into ORDER_ITEMS (ORDER_ID,ITEM_ID,medicine_id,QUANTITY,UNIT_PRICE) values (15,5,5,92,137);
Insert into ORDER_ITEMS (ORDER_ID,ITEM_ID,medicine_id,QUANTITY,UNIT_PRICE) values (18,3,3,83,2117);
Insert into ORDER_ITEMS (ORDER_ID,ITEM_ID,medicine_id,QUANTITY,UNIT_PRICE) values (19,5,5,106,644);
Insert into ORDER_ITEMS (ORDER_ID,ITEM_ID,medicine_id,QUANTITY,UNIT_PRICE) values (22,6,6,43,17);
Insert into ORDER_ITEMS (ORDER_ID,ITEM_ID,medicine_id,QUANTITY,UNIT_PRICE) values (23,4,4,74,732);
Insert into ORDER_ITEMS (ORDER_ID,ITEM_ID,medicine_id,QUANTITY,UNIT_PRICE) values (25,6,6,85,480);
Insert into ORDER_ITEMS (ORDER_ID,ITEM_ID,medicine_id,QUANTITY,UNIT_PRICE) values (27,6,6,133,646);
Insert into ORDER_ITEMS (ORDER_ID,ITEM_ID,medicine_id,QUANTITY,UNIT_PRICE) values (29,6,6,75,645);
Insert into ORDER_ITEMS (ORDER_ID,ITEM_ID,medicine_id,QUANTITY,UNIT_PRICE) values (30,4,4,50,745);
Insert into ORDER_ITEMS (ORDER_ID,ITEM_ID,medicine_id,QUANTITY,UNIT_PRICE) values (31,3,3,147,574);
Insert into ORDER_ITEMS (ORDER_ID,ITEM_ID,medicine_id,QUANTITY,UNIT_PRICE) values (38,6,6,76,678);
Insert into ORDER_ITEMS (ORDER_ID,ITEM_ID,medicine_id,QUANTITY,UNIT_PRICE) values (39,4,4,128,1004);
Insert into ORDER_ITEMS (ORDER_ID,ITEM_ID,medicine_id,QUANTITY,UNIT_PRICE) values (40,6,6,82,444);
Insert into ORDER_ITEMS (ORDER_ID,ITEM_ID,medicine_id,QUANTITY,UNIT_PRICE) values (41,6,6,112,330);
Insert into ORDER_ITEMS (ORDER_ID,ITEM_ID,medicine_id,QUANTITY,UNIT_PRICE) values (46,6,6,80,60);
Insert into ORDER_ITEMS (ORDER_ID,ITEM_ID,medicine_id,QUANTITY,UNIT_PRICE) values (47,4,4,98,53);
Insert into ORDER_ITEMS (ORDER_ID,ITEM_ID,medicine_id,QUANTITY,UNIT_PRICE) values (58,6,6,77,1470);
Insert into ORDER_ITEMS (ORDER_ID,ITEM_ID,medicine_id,QUANTITY,UNIT_PRICE) values (59,6,6,126,1205);
Insert into ORDER_ITEMS (ORDER_ID,ITEM_ID,medicine_id,QUANTITY,UNIT_PRICE) values (65,4,4,42,2775);
Insert into ORDER_ITEMS (ORDER_ID,ITEM_ID,medicine_id,QUANTITY,UNIT_PRICE) values (66,4,4,88,810);
Insert into ORDER_ITEMS (ORDER_ID,ITEM_ID,medicine_id,QUANTITY,UNIT_PRICE) values (68,6,6,141,705);
Insert into ORDER_ITEMS (ORDER_ID,ITEM_ID,medicine_id,QUANTITY,UNIT_PRICE) values (69,5,5,71,678);
Insert into ORDER_ITEMS (ORDER_ID,ITEM_ID,medicine_id,QUANTITY,UNIT_PRICE) values (70,3,3,84,2043);
Insert into ORDER_ITEMS (ORDER_ID,ITEM_ID,medicine_id,QUANTITY,UNIT_PRICE) values (74,4,4,82,609);
Insert into ORDER_ITEMS (ORDER_ID,ITEM_ID,medicine_id,QUANTITY,UNIT_PRICE) values (75,6,6,81,110);
Insert into ORDER_ITEMS (ORDER_ID,ITEM_ID,medicine_id,QUANTITY,UNIT_PRICE) values (76,6,6,46,1010);
Insert into ORDER_ITEMS (ORDER_ID,ITEM_ID,medicine_id,QUANTITY,UNIT_PRICE) values (78,6,6,145,4139);
Insert into ORDER_ITEMS (ORDER_ID,ITEM_ID,medicine_id,QUANTITY,UNIT_PRICE) values (81,2,2,134,1756);
Insert into ORDER_ITEMS (ORDER_ID,ITEM_ID,medicine_id,QUANTITY,UNIT_PRICE) values (82,4,4,113,389);
Insert into ORDER_ITEMS (ORDER_ID,ITEM_ID,medicine_id,QUANTITY,UNIT_PRICE) values (87,4,4,59,720);
Insert into ORDER_ITEMS (ORDER_ID,ITEM_ID,medicine_id,QUANTITY,UNIT_PRICE) values (89,6,6,140,723);
Insert into ORDER_ITEMS (ORDER_ID,ITEM_ID,medicine_id,QUANTITY,UNIT_PRICE) values (91,6,6,37,3177);
Insert into ORDER_ITEMS (ORDER_ID,ITEM_ID,medicine_id,QUANTITY,UNIT_PRICE) values (92,3,3,132,1200);
Insert into ORDER_ITEMS (ORDER_ID,ITEM_ID,medicine_id,QUANTITY,UNIT_PRICE) values (95,3,3,69,550);
Insert into ORDER_ITEMS (ORDER_ID,ITEM_ID,medicine_id,QUANTITY,UNIT_PRICE) values (99,2,2,37,700);
Insert into ORDER_ITEMS (ORDER_ID,ITEM_ID,medicine_id,QUANTITY,UNIT_PRICE) values (1,7,7,41,645);
Insert into ORDER_ITEMS (ORDER_ID,ITEM_ID,medicine_id,QUANTITY,UNIT_PRICE) values (2,4,4,49,799);
Insert into ORDER_ITEMS (ORDER_ID,ITEM_ID,medicine_id,QUANTITY,UNIT_PRICE) values (3,5,5,112,644);
Insert into ORDER_ITEMS (ORDER_ID,ITEM_ID,medicine_id,QUANTITY,UNIT_PRICE) values (4,2,2,75,470);
Insert into ORDER_ITEMS (ORDER_ID,ITEM_ID,medicine_id,QUANTITY,UNIT_PRICE) values (5,5,5,78,444);
Insert into ORDER_ITEMS (ORDER_ID,ITEM_ID,medicine_id,QUANTITY,UNIT_PRICE) values (9,5,5,58,287);
Insert into ORDER_ITEMS (ORDER_ID,ITEM_ID,medicine_id,QUANTITY,UNIT_PRICE) values (10,3,3,83,950);
Insert into ORDER_ITEMS (ORDER_ID,ITEM_ID,medicine_id,QUANTITY,UNIT_PRICE) values (12,7,7,110,420);
Insert into ORDER_ITEMS (ORDER_ID,ITEM_ID,medicine_id,QUANTITY,UNIT_PRICE) values (13,5,5,89,1010);
Insert into ORDER_ITEMS (ORDER_ID,ITEM_ID,medicine_id,QUANTITY,UNIT_PRICE) values (15,6,6,83,580);
Insert into ORDER_ITEMS (ORDER_ID,ITEM_ID,medicine_id,QUANTITY,UNIT_PRICE) values (19,6,6,105,810);
Insert into ORDER_ITEMS (ORDER_ID,ITEM_ID,medicine_id,QUANTITY,UNIT_PRICE) values (22,7,7,60,699);
Insert into ORDER_ITEMS (ORDER_ID,ITEM_ID,medicine_id,QUANTITY,UNIT_PRICE) values (23,5,5,59,2291);
Insert into ORDER_ITEMS (ORDER_ID,ITEM_ID,medicine_id,QUANTITY,UNIT_PRICE) values (26,3,3,71,1319);
Insert into ORDER_ITEMS (ORDER_ID,ITEM_ID,medicine_id,QUANTITY,UNIT_PRICE) values (27,7,7,51,589);
Insert into ORDER_ITEMS (ORDER_ID,ITEM_ID,medicine_id,QUANTITY,UNIT_PRICE) values (29,7,7,103,1639);
Insert into ORDER_ITEMS (ORDER_ID,ITEM_ID,medicine_id,QUANTITY,UNIT_PRICE) values (30,5,5,68,299);
Insert into ORDER_ITEMS (ORDER_ID,ITEM_ID,medicine_id,QUANTITY,UNIT_PRICE) values (31,4,4,34,310);
Insert into ORDER_ITEMS (ORDER_ID,ITEM_ID,medicine_id,QUANTITY,UNIT_PRICE) values (34,2,2,113,280);
Insert into ORDER_ITEMS (ORDER_ID,ITEM_ID,medicine_id,QUANTITY,UNIT_PRICE) values (38,7,7,139,1500);
Insert into ORDER_ITEMS (ORDER_ID,ITEM_ID,medicine_id,QUANTITY,UNIT_PRICE) values (39,5,5,144,1200);
Insert into ORDER_ITEMS (ORDER_ID,ITEM_ID,medicine_id,QUANTITY,UNIT_PRICE) values (40,7,7,99,58);
Insert into ORDER_ITEMS (ORDER_ID,ITEM_ID,medicine_id,QUANTITY,UNIT_PRICE) values (41,7,7,101,105);
Insert into ORDER_ITEMS (ORDER_ID,ITEM_ID,medicine_id,QUANTITY,UNIT_PRICE) values (42,2,2,147,812);
Insert into ORDER_ITEMS (ORDER_ID,ITEM_ID,medicine_id,QUANTITY,UNIT_PRICE) values (44,3,3,37,550);
Insert into ORDER_ITEMS (ORDER_ID,ITEM_ID,medicine_id,QUANTITY,UNIT_PRICE) values (46,7,7,114,589);
Insert into ORDER_ITEMS (ORDER_ID,ITEM_ID,medicine_id,QUANTITY,UNIT_PRICE) values (47,5,5,123,283);
Insert into ORDER_ITEMS (ORDER_ID,ITEM_ID,medicine_id,QUANTITY,UNIT_PRICE) values (59,7,7,82,281);
Insert into ORDER_ITEMS (ORDER_ID,ITEM_ID,medicine_id,QUANTITY,UNIT_PRICE) values (61,5,5,32,726);
Insert into ORDER_ITEMS (ORDER_ID,ITEM_ID,medicine_id,QUANTITY,UNIT_PRICE) values (66,5,5,66,798);
Insert into ORDER_ITEMS (ORDER_ID,ITEM_ID,medicine_id,QUANTITY,UNIT_PRICE) values (67,6,6,82,850);
Insert into ORDER_ITEMS (ORDER_ID,ITEM_ID,medicine_id,QUANTITY,UNIT_PRICE) values (70,4,4,139,1500);
Insert into ORDER_ITEMS (ORDER_ID,ITEM_ID,medicine_id,QUANTITY,UNIT_PRICE) values (74,5,5,101,800);
Insert into ORDER_ITEMS (ORDER_ID,ITEM_ID,medicine_id,QUANTITY,UNIT_PRICE) values (75,7,7,74,609);
Insert into ORDER_ITEMS (ORDER_ID,ITEM_ID,medicine_id,QUANTITY,UNIT_PRICE) values (76,7,7,125,1100);
Insert into ORDER_ITEMS (ORDER_ID,ITEM_ID,medicine_id,QUANTITY,UNIT_PRICE) values (79,4,4,146,573);
Insert into ORDER_ITEMS (ORDER_ID,ITEM_ID,medicine_id,QUANTITY,UNIT_PRICE) values (81,3,3,104,679);
Insert into ORDER_ITEMS (ORDER_ID,ITEM_ID,medicine_id,QUANTITY,UNIT_PRICE) values (82,5,5,59,1219);
Insert into ORDER_ITEMS (ORDER_ID,ITEM_ID,medicine_id,QUANTITY,UNIT_PRICE) values (83,5,5,122,636);
Insert into ORDER_ITEMS (ORDER_ID,ITEM_ID,medicine_id,QUANTITY,UNIT_PRICE) values (84,3,3,147,760);
Insert into ORDER_ITEMS (ORDER_ID,ITEM_ID,medicine_id,QUANTITY,UNIT_PRICE) values (87,5,5,74,1432);
Insert into ORDER_ITEMS (ORDER_ID,ITEM_ID,medicine_id,QUANTITY,UNIT_PRICE) values (90,4,4,146,2117);
Insert into ORDER_ITEMS (ORDER_ID,ITEM_ID,medicine_id,QUANTITY,UNIT_PRICE) values (91,7,7,113,700);
Insert into ORDER_ITEMS (ORDER_ID,ITEM_ID,medicine_id,QUANTITY,UNIT_PRICE) values (92,4,4,111,3193);
Insert into ORDER_ITEMS (ORDER_ID,ITEM_ID,medicine_id,QUANTITY,UNIT_PRICE) values (95,4,4,123,805);
Insert into ORDER_ITEMS (ORDER_ID,ITEM_ID,medicine_id,QUANTITY,UNIT_PRICE) values (97,4,4,67,53);
Insert into ORDER_ITEMS (ORDER_ID,ITEM_ID,medicine_id,QUANTITY,UNIT_PRICE) values (99,3,3,98,440);
Insert into ORDER_ITEMS (ORDER_ID,ITEM_ID,medicine_id,QUANTITY,UNIT_PRICE) values (101,4,4,52,55);
Insert into ORDER_ITEMS (ORDER_ID,ITEM_ID,medicine_id,QUANTITY,UNIT_PRICE) values (102,2,2,117,110);
Insert into ORDER_ITEMS (ORDER_ID,ITEM_ID,medicine_id,QUANTITY,UNIT_PRICE) values (103,2,2,142,58);
Insert into ORDER_ITEMS (ORDER_ID,ITEM_ID,medicine_id,QUANTITY,UNIT_PRICE) values (1,8,10,129,384);
Insert into ORDER_ITEMS (ORDER_ID,ITEM_ID,medicine_id,QUANTITY,UNIT_PRICE) values (2,5,5,30,1909);
Insert into ORDER_ITEMS (ORDER_ID,ITEM_ID,medicine_id,QUANTITY,UNIT_PRICE) values (3,6,6,81,1300);
Insert into ORDER_ITEMS (ORDER_ID,ITEM_ID,medicine_id,QUANTITY,UNIT_PRICE) values (4,3,3,140,681);
Insert into ORDER_ITEMS (ORDER_ID,ITEM_ID,medicine_id,QUANTITY,UNIT_PRICE) values (8,6,6,34,720);
Insert into ORDER_ITEMS (ORDER_ID,ITEM_ID,medicine_id,QUANTITY,UNIT_PRICE) values (9,6,6,48,705);
Insert into ORDER_ITEMS (ORDER_ID,ITEM_ID,medicine_id,QUANTITY,UNIT_PRICE) values (10,4,4,133,358);
Insert into ORDER_ITEMS (ORDER_ID,ITEM_ID,medicine_id,QUANTITY,UNIT_PRICE) values (12,8,10,85,27);
Insert into ORDER_ITEMS (ORDER_ID,ITEM_ID,medicine_id,QUANTITY,UNIT_PRICE) values (13,6,6,127,641);
Insert into ORDER_ITEMS (ORDER_ID,ITEM_ID,medicine_id,QUANTITY,UNIT_PRICE) values (16,5,5,80,2502);
Insert into ORDER_ITEMS (ORDER_ID,ITEM_ID,medicine_id,QUANTITY,UNIT_PRICE) values (19,7,7,94,645);
Insert into ORDER_ITEMS (ORDER_ID,ITEM_ID,medicine_id,QUANTITY,UNIT_PRICE) values (21,4,4,135,641);
Insert into ORDER_ITEMS (ORDER_ID,ITEM_ID,medicine_id,QUANTITY,UNIT_PRICE) values (22,8,10,99,755);
Insert into ORDER_ITEMS (ORDER_ID,ITEM_ID,medicine_id,QUANTITY,UNIT_PRICE) values (23,6,6,40,1845);
Insert into ORDER_ITEMS (ORDER_ID,ITEM_ID,medicine_id,QUANTITY,UNIT_PRICE) values (27,8,10,127,660);
Insert into ORDER_ITEMS (ORDER_ID,ITEM_ID,medicine_id,QUANTITY,UNIT_PRICE) values (29,8,10,81,812);
Insert into ORDER_ITEMS (ORDER_ID,ITEM_ID,medicine_id,QUANTITY,UNIT_PRICE) values (31,5,5,56,660);
Insert into ORDER_ITEMS (ORDER_ID,ITEM_ID,medicine_id,QUANTITY,UNIT_PRICE) values (32,3,3,134,799);
Insert into ORDER_ITEMS (ORDER_ID,ITEM_ID,medicine_id,QUANTITY,UNIT_PRICE) values (34,3,3,100,302);
Insert into ORDER_ITEMS (ORDER_ID,ITEM_ID,medicine_id,QUANTITY,UNIT_PRICE) values (36,5,5,143,91);
Insert into ORDER_ITEMS (ORDER_ID,ITEM_ID,medicine_id,QUANTITY,UNIT_PRICE) values (37,3,3,100,284);
Insert into ORDER_ITEMS (ORDER_ID,ITEM_ID,medicine_id,QUANTITY,UNIT_PRICE) values (39,6,6,112,720);
Insert into ORDER_ITEMS (ORDER_ID,ITEM_ID,medicine_id,QUANTITY,UNIT_PRICE) values (40,8,10,30,444);
Insert into ORDER_ITEMS (ORDER_ID,ITEM_ID,medicine_id,QUANTITY,UNIT_PRICE) values (42,3,3,76,2661);
Insert into ORDER_ITEMS (ORDER_ID,ITEM_ID,medicine_id,QUANTITY,UNIT_PRICE) values (44,4,4,100,2009);
Insert into ORDER_ITEMS (ORDER_ID,ITEM_ID,medicine_id,QUANTITY,UNIT_PRICE) values (46,8,10,116,3177);
Insert into ORDER_ITEMS (ORDER_ID,ITEM_ID,medicine_id,QUANTITY,UNIT_PRICE) values (54,2,2,136,2700);
Insert into ORDER_ITEMS (ORDER_ID,ITEM_ID,medicine_id,QUANTITY,UNIT_PRICE) values (58,7,7,49,850);
Insert into ORDER_ITEMS (ORDER_ID,ITEM_ID,medicine_id,QUANTITY,UNIT_PRICE) values (61,6,6,50,2291);
Insert into ORDER_ITEMS (ORDER_ID,ITEM_ID,medicine_id,QUANTITY,UNIT_PRICE) values (67,7,7,124,687);
Insert into ORDER_ITEMS (ORDER_ID,ITEM_ID,medicine_id,QUANTITY,UNIT_PRICE) values (70,5,5,106,595);
Insert into ORDER_ITEMS (ORDER_ID,ITEM_ID,medicine_id,QUANTITY,UNIT_PRICE) values (73,3,3,102,444);
Insert into ORDER_ITEMS (ORDER_ID,ITEM_ID,medicine_id,QUANTITY,UNIT_PRICE) values (75,8,10,82,67);
Insert into ORDER_ITEMS (ORDER_ID,ITEM_ID,medicine_id,QUANTITY,UNIT_PRICE) values (81,4,4,83,1500);
Insert into ORDER_ITEMS (ORDER_ID,ITEM_ID,medicine_id,QUANTITY,UNIT_PRICE) values (82,6,6,56,280);
Insert into ORDER_ITEMS (ORDER_ID,ITEM_ID,medicine_id,QUANTITY,UNIT_PRICE) values (83,6,6,86,60);
Insert into ORDER_ITEMS (ORDER_ID,ITEM_ID,medicine_id,QUANTITY,UNIT_PRICE) values (84,4,4,36,110);
Insert into ORDER_ITEMS (ORDER_ID,ITEM_ID,medicine_id,QUANTITY,UNIT_PRICE) values (87,6,6,84,798);
Insert into ORDER_ITEMS (ORDER_ID,ITEM_ID,medicine_id,QUANTITY,UNIT_PRICE) values (90,5,5,129,799);
Insert into ORDER_ITEMS (ORDER_ID,ITEM_ID,medicine_id,QUANTITY,UNIT_PRICE) values (91,8,10,102,1100);
Insert into ORDER_ITEMS (ORDER_ID,ITEM_ID,medicine_id,QUANTITY,UNIT_PRICE) values (95,5,5,76,644);
Insert into ORDER_ITEMS (ORDER_ID,ITEM_ID,medicine_id,QUANTITY,UNIT_PRICE) values (97,5,5,48,68);
Insert into ORDER_ITEMS (ORDER_ID,ITEM_ID,medicine_id,QUANTITY,UNIT_PRICE) values (98,2,2,44,1219);
Insert into ORDER_ITEMS (ORDER_ID,ITEM_ID,medicine_id,QUANTITY,UNIT_PRICE) values (99,4,4,71,1300);
Insert into ORDER_ITEMS (ORDER_ID,ITEM_ID,medicine_id,QUANTITY,UNIT_PRICE) values (101,5,5,36,282);
Insert into ORDER_ITEMS (ORDER_ID,ITEM_ID,medicine_id,QUANTITY,UNIT_PRICE) values (104,4,4,51,1219);
Insert into ORDER_ITEMS (ORDER_ID,ITEM_ID,medicine_id,QUANTITY,UNIT_PRICE) values (105,5,5,77,810);
Insert into ORDER_ITEMS (ORDER_ID,ITEM_ID,medicine_id,QUANTITY,UNIT_PRICE) values (1,9,9,139,1100);
Insert into ORDER_ITEMS (ORDER_ID,ITEM_ID,medicine_id,QUANTITY,UNIT_PRICE) values (2,6,6,95,950);
Insert into ORDER_ITEMS (ORDER_ID,ITEM_ID,medicine_id,QUANTITY,UNIT_PRICE) values (3,7,7,73,769);
Insert into ORDER_ITEMS (ORDER_ID,ITEM_ID,medicine_id,QUANTITY,UNIT_PRICE) values (4,4,4,60,330);
Insert into ORDER_ITEMS (ORDER_ID,ITEM_ID,medicine_id,QUANTITY,UNIT_PRICE) values (7,2,2,49,137);
Insert into ORDER_ITEMS (ORDER_ID,ITEM_ID,medicine_id,QUANTITY,UNIT_PRICE) values (8,7,7,135,890);
Insert into ORDER_ITEMS (ORDER_ID,ITEM_ID,medicine_id,QUANTITY,UNIT_PRICE) values (9,7,7,117,595);
Insert into ORDER_ITEMS (ORDER_ID,ITEM_ID,medicine_id,QUANTITY,UNIT_PRICE) values (10,5,5,68,1389);
Insert into ORDER_ITEMS (ORDER_ID,ITEM_ID,medicine_id,QUANTITY,UNIT_PRICE) values (11,2,2,79,300);
Insert into ORDER_ITEMS (ORDER_ID,ITEM_ID,medicine_id,QUANTITY,UNIT_PRICE) values (12,9,9,117,805);
Insert into ORDER_ITEMS (ORDER_ID,ITEM_ID,medicine_id,QUANTITY,UNIT_PRICE) values (13,7,7,67,302);
Insert into ORDER_ITEMS (ORDER_ID,ITEM_ID,medicine_id,QUANTITY,UNIT_PRICE) values (14,4,4,40,821);
Insert into ORDER_ITEMS (ORDER_ID,ITEM_ID,medicine_id,QUANTITY,UNIT_PRICE) values (16,6,6,53,280);
Insert into ORDER_ITEMS (ORDER_ID,ITEM_ID,medicine_id,QUANTITY,UNIT_PRICE) values (18,4,4,141,2260);
Insert into ORDER_ITEMS (ORDER_ID,ITEM_ID,medicine_id,QUANTITY,UNIT_PRICE) values (22,9,9,89,602);
Insert into ORDER_ITEMS (ORDER_ID,ITEM_ID,medicine_id,QUANTITY,UNIT_PRICE) values (23,7,7,36,234);
Insert into ORDER_ITEMS (ORDER_ID,ITEM_ID,medicine_id,QUANTITY,UNIT_PRICE) values (24,4,4,59,67);
Insert into ORDER_ITEMS (ORDER_ID,ITEM_ID,medicine_id,QUANTITY,UNIT_PRICE) values (27,9,9,132,2117);
Insert into ORDER_ITEMS (ORDER_ID,ITEM_ID,medicine_id,QUANTITY,UNIT_PRICE) values (28,6,6,120,1030);
Insert into ORDER_ITEMS (ORDER_ID,ITEM_ID,medicine_id,QUANTITY,UNIT_PRICE) values (29,9,9,71,60);
Insert into ORDER_ITEMS (ORDER_ID,ITEM_ID,medicine_id,QUANTITY,UNIT_PRICE) values (32,4,4,105,645);
Insert into ORDER_ITEMS (ORDER_ID,ITEM_ID,medicine_id,QUANTITY,UNIT_PRICE) values (33,4,4,93,151);
Insert into ORDER_ITEMS (ORDER_ID,ITEM_ID,medicine_id,QUANTITY,UNIT_PRICE) values (34,4,4,106,403);
Insert into ORDER_ITEMS (ORDER_ID,ITEM_ID,medicine_id,QUANTITY,UNIT_PRICE) values (36,6,6,33,650);
Insert into ORDER_ITEMS (ORDER_ID,ITEM_ID,medicine_id,QUANTITY,UNIT_PRICE) values (39,7,7,101,874);
Insert into ORDER_ITEMS (ORDER_ID,ITEM_ID,medicine_id,QUANTITY,UNIT_PRICE) values (40,9,9,31,384);
Insert into ORDER_ITEMS (ORDER_ID,ITEM_ID,medicine_id,QUANTITY,UNIT_PRICE) values (43,5,5,114,805);
Insert into ORDER_ITEMS (ORDER_ID,ITEM_ID,medicine_id,QUANTITY,UNIT_PRICE) values (46,9,9,65,2555);
Insert into ORDER_ITEMS (ORDER_ID,ITEM_ID,medicine_id,QUANTITY,UNIT_PRICE) values (53,3,3,106,900);
Insert into ORDER_ITEMS (ORDER_ID,ITEM_ID,medicine_id,QUANTITY,UNIT_PRICE) values (54,3,3,134,766);
Insert into ORDER_ITEMS (ORDER_ID,ITEM_ID,medicine_id,QUANTITY,UNIT_PRICE) values (57,5,5,77,555);
Insert into ORDER_ITEMS (ORDER_ID,ITEM_ID,medicine_id,QUANTITY,UNIT_PRICE) values (58,8,10,65,389);
Insert into ORDER_ITEMS (ORDER_ID,ITEM_ID,medicine_id,QUANTITY,UNIT_PRICE) values (61,7,7,45,1677);
Insert into ORDER_ITEMS (ORDER_ID,ITEM_ID,medicine_id,QUANTITY,UNIT_PRICE) values (67,8,10,39,340);
Insert into ORDER_ITEMS (ORDER_ID,ITEM_ID,medicine_id,QUANTITY,UNIT_PRICE) values (69,6,6,46,800);
Insert into ORDER_ITEMS (ORDER_ID,ITEM_ID,medicine_id,QUANTITY,UNIT_PRICE) values (70,6,6,68,8868);
Insert into ORDER_ITEMS (ORDER_ID,ITEM_ID,medicine_id,QUANTITY,UNIT_PRICE) values (75,9,9,34,720);
Insert into ORDER_ITEMS (ORDER_ID,ITEM_ID,medicine_id,QUANTITY,UNIT_PRICE) values (76,8,10,91,654);
Insert into ORDER_ITEMS (ORDER_ID,ITEM_ID,medicine_id,QUANTITY,UNIT_PRICE) values (81,5,5,144,151);
Insert into ORDER_ITEMS (ORDER_ID,ITEM_ID,medicine_id,QUANTITY,UNIT_PRICE) values (82,7,7,31,711);
Insert into ORDER_ITEMS (ORDER_ID,ITEM_ID,medicine_id,QUANTITY,UNIT_PRICE) values (83,7,7,49,799);
Insert into ORDER_ITEMS (ORDER_ID,ITEM_ID,medicine_id,QUANTITY,UNIT_PRICE) values (84,5,5,119,760);
Insert into ORDER_ITEMS (ORDER_ID,ITEM_ID,medicine_id,QUANTITY,UNIT_PRICE) values (87,7,7,66,681);
Insert into ORDER_ITEMS (ORDER_ID,ITEM_ID,medicine_id,QUANTITY,UNIT_PRICE) values (89,7,7,109,630);
Insert into ORDER_ITEMS (ORDER_ID,ITEM_ID,medicine_id,QUANTITY,UNIT_PRICE) values (90,6,6,147,874);
Insert into ORDER_ITEMS (ORDER_ID,ITEM_ID,medicine_id,QUANTITY,UNIT_PRICE) values (94,5,5,143,1000);
Insert into ORDER_ITEMS (ORDER_ID,ITEM_ID,medicine_id,QUANTITY,UNIT_PRICE) values (95,6,6,135,660);
Insert into ORDER_ITEMS (ORDER_ID,ITEM_ID,medicine_id,QUANTITY,UNIT_PRICE) values (97,6,6,132,1300);
Insert into ORDER_ITEMS (ORDER_ID,ITEM_ID,medicine_id,QUANTITY,UNIT_PRICE) values (99,5,5,58,621);
Insert into ORDER_ITEMS (ORDER_ID,ITEM_ID,medicine_id,QUANTITY,UNIT_PRICE) values (101,6,6,138,720);
Insert into ORDER_ITEMS (ORDER_ID,ITEM_ID,medicine_id,QUANTITY,UNIT_PRICE) values (104,5,5,85,865);
Insert into ORDER_ITEMS (ORDER_ID,ITEM_ID,medicine_id,QUANTITY,UNIT_PRICE) values (1,10,10,147,526);
Insert into ORDER_ITEMS (ORDER_ID,ITEM_ID,medicine_id,QUANTITY,UNIT_PRICE) values (2,7,7,100,687);
Insert into ORDER_ITEMS (ORDER_ID,ITEM_ID,medicine_id,QUANTITY,UNIT_PRICE) values (3,8,10,127,949);
Insert into ORDER_ITEMS (ORDER_ID,ITEM_ID,medicine_id,QUANTITY,UNIT_PRICE) values (4,5,5,80,720);
Insert into ORDER_ITEMS (ORDER_ID,ITEM_ID,medicine_id,QUANTITY,UNIT_PRICE) values (6,3,3,90,16);
Insert into ORDER_ITEMS (ORDER_ID,ITEM_ID,medicine_id,QUANTITY,UNIT_PRICE) values (10,6,6,96,526);
Insert into ORDER_ITEMS (ORDER_ID,ITEM_ID,medicine_id,QUANTITY,UNIT_PRICE) values (12,10,10,37,1030);
Insert into ORDER_ITEMS (ORDER_ID,ITEM_ID,medicine_id,QUANTITY,UNIT_PRICE) values (13,8,1,95,641);
Insert into ORDER_ITEMS (ORDER_ID,ITEM_ID,medicine_id,QUANTITY,UNIT_PRICE) values (14,5,5,125,740);
Insert into ORDER_ITEMS (ORDER_ID,ITEM_ID,medicine_id,QUANTITY,UNIT_PRICE) values (15,7,7,118,830);
Insert into ORDER_ITEMS (ORDER_ID,ITEM_ID,medicine_id,QUANTITY,UNIT_PRICE) values (16,7,7,44,27);
Insert into ORDER_ITEMS (ORDER_ID,ITEM_ID,medicine_id,QUANTITY,UNIT_PRICE) values (18,5,5,103,760);
Insert into ORDER_ITEMS (ORDER_ID,ITEM_ID,medicine_id,QUANTITY,UNIT_PRICE) values (22,10,10,95,760);
Insert into ORDER_ITEMS (ORDER_ID,ITEM_ID,medicine_id,QUANTITY,UNIT_PRICE) values (23,8,10,126,1756);
Insert into ORDER_ITEMS (ORDER_ID,ITEM_ID,medicine_id,QUANTITY,UNIT_PRICE) values (24,5,5,83,300);
Insert into ORDER_ITEMS (ORDER_ID,ITEM_ID,medicine_id,QUANTITY,UNIT_PRICE) values (26,4,4,78,1850);
Insert into ORDER_ITEMS (ORDER_ID,ITEM_ID,medicine_id,QUANTITY,UNIT_PRICE) values (27,10,10,58,282);
Insert into ORDER_ITEMS (ORDER_ID,ITEM_ID,medicine_id,QUANTITY,UNIT_PRICE) values (30,6,6,82,2700);
Insert into ORDER_ITEMS (ORDER_ID,ITEM_ID,medicine_id,QUANTITY,UNIT_PRICE) values (33,5,5,84,790);
Insert into ORDER_ITEMS (ORDER_ID,ITEM_ID,medicine_id,QUANTITY,UNIT_PRICE) values (34,5,5,37,766);
Insert into ORDER_ITEMS (ORDER_ID,ITEM_ID,medicine_id,QUANTITY,UNIT_PRICE) values (35,4,4,79,300);
Insert into ORDER_ITEMS (ORDER_ID,ITEM_ID,medicine_id,QUANTITY,UNIT_PRICE) values (39,8,10,102,313);
Insert into ORDER_ITEMS (ORDER_ID,ITEM_ID,medicine_id,QUANTITY,UNIT_PRICE) values (40,10,10,36,830);
Insert into ORDER_ITEMS (ORDER_ID,ITEM_ID,medicine_id,QUANTITY,UNIT_PRICE) values (41,8,10,31,750);
Insert into ORDER_ITEMS (ORDER_ID,ITEM_ID,medicine_id,QUANTITY,UNIT_PRICE) values (42,4,4,103,1470);
Insert into ORDER_ITEMS (ORDER_ID,ITEM_ID,medicine_id,QUANTITY,UNIT_PRICE) values (43,6,6,86,42);
Insert into ORDER_ITEMS (ORDER_ID,ITEM_ID,medicine_id,QUANTITY,UNIT_PRICE) values (46,10,10,91,1010);
Insert into ORDER_ITEMS (ORDER_ID,ITEM_ID,medicine_id,QUANTITY,UNIT_PRICE) values (58,9,9,134,827);
Insert into ORDER_ITEMS (ORDER_ID,ITEM_ID,medicine_id,QUANTITY,UNIT_PRICE) values (66,6,6,130,60);
Insert into ORDER_ITEMS (ORDER_ID,ITEM_ID,medicine_id,QUANTITY,UNIT_PRICE) values (68,7,7,139,649);
Insert into ORDER_ITEMS (ORDER_ID,ITEM_ID,medicine_id,QUANTITY,UNIT_PRICE) values (69,7,7,49,660);
Insert into ORDER_ITEMS (ORDER_ID,ITEM_ID,medicine_id,QUANTITY,UNIT_PRICE) values (81,6,6,61,1200);
Insert into ORDER_ITEMS (ORDER_ID,ITEM_ID,medicine_id,QUANTITY,UNIT_PRICE) values (82,8,10,56,1470);
Insert into ORDER_ITEMS (ORDER_ID,ITEM_ID,medicine_id,QUANTITY,UNIT_PRICE) values (87,8,10,110,85);
Insert into ORDER_ITEMS (ORDER_ID,ITEM_ID,medicine_id,QUANTITY,UNIT_PRICE) values (89,8,10,127,282);
Insert into ORDER_ITEMS (ORDER_ID,ITEM_ID,medicine_id,QUANTITY,UNIT_PRICE) values (90,7,7,125,339);
Insert into ORDER_ITEMS (ORDER_ID,ITEM_ID,medicine_id,QUANTITY,UNIT_PRICE) values (92,5,5,112,821);
Insert into ORDER_ITEMS (ORDER_ID,ITEM_ID,medicine_id,QUANTITY,UNIT_PRICE) values (93,2,2,46,1845);
Insert into ORDER_ITEMS (ORDER_ID,ITEM_ID,medicine_id,QUANTITY,UNIT_PRICE) values (94,6,6,111,2700);
Insert into ORDER_ITEMS (ORDER_ID,ITEM_ID,medicine_id,QUANTITY,UNIT_PRICE) values (99,6,6,43,641);
Insert into ORDER_ITEMS (ORDER_ID,ITEM_ID,medicine_id,QUANTITY,UNIT_PRICE) values (101,7,7,123,2043);
Insert into ORDER_ITEMS (ORDER_ID,ITEM_ID,medicine_id,QUANTITY,UNIT_PRICE) values (1,11,10,105,1845);
Insert into ORDER_ITEMS (ORDER_ID,ITEM_ID,medicine_id,QUANTITY,UNIT_PRICE) values (2,8,10,97,420);
Insert into ORDER_ITEMS (ORDER_ID,ITEM_ID,medicine_id,QUANTITY,UNIT_PRICE) values (4,6,6,96,1994);
Insert into ORDER_ITEMS (ORDER_ID,ITEM_ID,medicine_id,QUANTITY,UNIT_PRICE) values (6,4,4,145,58);
Insert into ORDER_ITEMS (ORDER_ID,ITEM_ID,medicine_id,QUANTITY,UNIT_PRICE) values (10,7,7,52,720);
Insert into ORDER_ITEMS (ORDER_ID,ITEM_ID,medicine_id,QUANTITY,UNIT_PRICE) values (12,11,10,114,1845);
Insert into ORDER_ITEMS (ORDER_ID,ITEM_ID,medicine_id,QUANTITY,UNIT_PRICE) values (13,9,9,137,504);
Insert into ORDER_ITEMS (ORDER_ID,ITEM_ID,medicine_id,QUANTITY,UNIT_PRICE) values (14,6,6,79,482);
Insert into ORDER_ITEMS (ORDER_ID,ITEM_ID,medicine_id,QUANTITY,UNIT_PRICE) values (15,8,10,77,1756);
Insert into ORDER_ITEMS (ORDER_ID,ITEM_ID,medicine_id,QUANTITY,UNIT_PRICE) values (16,8,10,142,646);
Insert into ORDER_ITEMS (ORDER_ID,ITEM_ID,medicine_id,QUANTITY,UNIT_PRICE) values (18,6,6,60,81);
Insert into ORDER_ITEMS (ORDER_ID,ITEM_ID,medicine_id,QUANTITY,UNIT_PRICE) values (19,8,10,130,2260);
Insert into ORDER_ITEMS (ORDER_ID,ITEM_ID,medicine_id,QUANTITY,UNIT_PRICE) values (22,11,10,144,151);
Insert into ORDER_ITEMS (ORDER_ID,ITEM_ID,medicine_id,QUANTITY,UNIT_PRICE) values (23,9,9,86,705);
Insert into ORDER_ITEMS (ORDER_ID,ITEM_ID,medicine_id,QUANTITY,UNIT_PRICE) values (24,6,6,99,1164);
Insert into ORDER_ITEMS (ORDER_ID,ITEM_ID,medicine_id,QUANTITY,UNIT_PRICE) values (26,5,5,36,282);
Insert into ORDER_ITEMS (ORDER_ID,ITEM_ID,medicine_id,QUANTITY,UNIT_PRICE) values (27,11,10,67,732);
Insert into ORDER_ITEMS (ORDER_ID,ITEM_ID,medicine_id,QUANTITY,UNIT_PRICE) values (30,7,7,64,589);
Insert into ORDER_ITEMS (ORDER_ID,ITEM_ID,medicine_id,QUANTITY,UNIT_PRICE) values (33,6,6,70,949);
Insert into ORDER_ITEMS (ORDER_ID,ITEM_ID,medicine_id,QUANTITY,UNIT_PRICE) values (42,5,5,85,500);
Insert into ORDER_ITEMS (ORDER_ID,ITEM_ID,medicine_id,QUANTITY,UNIT_PRICE) values (43,7,7,57,641);
Insert into ORDER_ITEMS (ORDER_ID,ITEM_ID,medicine_id,QUANTITY,UNIT_PRICE) values (45,2,2,126,400);
Insert into ORDER_ITEMS (ORDER_ID,ITEM_ID,medicine_id,QUANTITY,UNIT_PRICE) values (58,10,10,31,1900);
Insert into ORDER_ITEMS (ORDER_ID,ITEM_ID,medicine_id,QUANTITY,UNIT_PRICE) values (60,6,6,79,2270);
Insert into ORDER_ITEMS (ORDER_ID,ITEM_ID,medicine_id,QUANTITY,UNIT_PRICE) values (65,5,5,141,900);
Insert into ORDER_ITEMS (ORDER_ID,ITEM_ID,medicine_id,QUANTITY,UNIT_PRICE) values (66,7,7,78,1500);
Insert into ORDER_ITEMS (ORDER_ID,ITEM_ID,medicine_id,QUANTITY,UNIT_PRICE) values (68,8,10,56,687);
Insert into ORDER_ITEMS (ORDER_ID,ITEM_ID,medicine_id,QUANTITY,UNIT_PRICE) values (87,9,9,142,722);
Insert into ORDER_ITEMS (ORDER_ID,ITEM_ID,medicine_id,QUANTITY,UNIT_PRICE) values (91,9,9,44,299);
Insert into ORDER_ITEMS (ORDER_ID,ITEM_ID,medicine_id,QUANTITY,UNIT_PRICE) values (92,6,6,91,1850);
Insert into ORDER_ITEMS (ORDER_ID,ITEM_ID,medicine_id,QUANTITY,UNIT_PRICE) values (93,3,3,30,338);
Insert into ORDER_ITEMS (ORDER_ID,ITEM_ID,medicine_id,QUANTITY,UNIT_PRICE) values (94,7,7,37,358);
Insert into ORDER_ITEMS (ORDER_ID,ITEM_ID,medicine_id,QUANTITY,UNIT_PRICE) values (99,7,7,31,654);
Insert into ORDER_ITEMS (ORDER_ID,ITEM_ID,medicine_id,QUANTITY,UNIT_PRICE) values (1,12,10,103,310);
Insert into ORDER_ITEMS (ORDER_ID,ITEM_ID,medicine_id,QUANTITY,UNIT_PRICE) values (6,5,5,74,2015);
Insert into ORDER_ITEMS (ORDER_ID,ITEM_ID,medicine_id,QUANTITY,UNIT_PRICE) values (10,8,10,124,799);
Insert into ORDER_ITEMS (ORDER_ID,ITEM_ID,medicine_id,QUANTITY,UNIT_PRICE) values (12,12,10,120,142);
Insert into ORDER_ITEMS (ORDER_ID,ITEM_ID,medicine_id,QUANTITY,UNIT_PRICE) values (13,10,10,138,1699);
Insert into ORDER_ITEMS (ORDER_ID,ITEM_ID,medicine_id,QUANTITY,UNIT_PRICE) values (14,7,7,32,705);
Insert into ORDER_ITEMS (ORDER_ID,ITEM_ID,medicine_id,QUANTITY,UNIT_PRICE) values (18,7,7,133,482);
Insert into ORDER_ITEMS (ORDER_ID,ITEM_ID,medicine_id,QUANTITY,UNIT_PRICE) values (19,9,9,83,573);
Insert into ORDER_ITEMS (ORDER_ID,ITEM_ID,medicine_id,QUANTITY,UNIT_PRICE) values (22,12,10,45,850);
Insert into ORDER_ITEMS (ORDER_ID,ITEM_ID,medicine_id,QUANTITY,UNIT_PRICE) values (23,10,10,110,354);
Insert into ORDER_ITEMS (ORDER_ID,ITEM_ID,medicine_id,QUANTITY,UNIT_PRICE) values (25,7,7,132,128);
Insert into ORDER_ITEMS (ORDER_ID,ITEM_ID,medicine_id,QUANTITY,UNIT_PRICE) values (27,12,10,105,2200);
Insert into ORDER_ITEMS (ORDER_ID,ITEM_ID,medicine_id,QUANTITY,UNIT_PRICE) values (28,7,7,131,1020);
Insert into ORDER_ITEMS (ORDER_ID,ITEM_ID,medicine_id,QUANTITY,UNIT_PRICE) values (29,10,10,62,630);
Insert into ORDER_ITEMS (ORDER_ID,ITEM_ID,medicine_id,QUANTITY,UNIT_PRICE) values (32,5,5,148,1275);
Insert into ORDER_ITEMS (ORDER_ID,ITEM_ID,medicine_id,QUANTITY,UNIT_PRICE) values (33,7,7,41,799);
Insert into ORDER_ITEMS (ORDER_ID,ITEM_ID,medicine_id,QUANTITY,UNIT_PRICE) values (36,7,7,45,281);
Insert into ORDER_ITEMS (ORDER_ID,ITEM_ID,medicine_id,QUANTITY,UNIT_PRICE) values (42,6,6,47,687);
Insert into ORDER_ITEMS (ORDER_ID,ITEM_ID,medicine_id,QUANTITY,UNIT_PRICE) values (43,8,10,73,1845);
Insert into ORDER_ITEMS (ORDER_ID,ITEM_ID,medicine_id,QUANTITY,UNIT_PRICE) values (45,3,3,88,766);
Insert into ORDER_ITEMS (ORDER_ID,ITEM_ID,medicine_id,QUANTITY,UNIT_PRICE) values (57,6,6,44,1850);
Insert into ORDER_ITEMS (ORDER_ID,ITEM_ID,medicine_id,QUANTITY,UNIT_PRICE) values (58,11,10,51,281);
Insert into ORDER_ITEMS (ORDER_ID,ITEM_ID,medicine_id,QUANTITY,UNIT_PRICE) values (59,8,10,96,330);
Insert into ORDER_ITEMS (ORDER_ID,ITEM_ID,medicine_id,QUANTITY,UNIT_PRICE) values (60,7,7,146,649);
Insert into ORDER_ITEMS (ORDER_ID,ITEM_ID,medicine_id,QUANTITY,UNIT_PRICE) values (66,8,10,122,624);
Insert into ORDER_ITEMS (ORDER_ID,ITEM_ID,medicine_id,QUANTITY,UNIT_PRICE) values (67,9,9,138,2260);
Insert into ORDER_ITEMS (ORDER_ID,ITEM_ID,medicine_id,QUANTITY,UNIT_PRICE) values (69,8,10,67,1845);
Insert into ORDER_ITEMS (ORDER_ID,ITEM_ID,medicine_id,QUANTITY,UNIT_PRICE) values (73,4,4,54,2502);
Insert into ORDER_ITEMS (ORDER_ID,ITEM_ID,medicine_id,QUANTITY,UNIT_PRICE) values (74,6,6,137,354);
Insert into ORDER_ITEMS (ORDER_ID,ITEM_ID,medicine_id,QUANTITY,UNIT_PRICE) values (75,10,10,86,590);
Insert into ORDER_ITEMS (ORDER_ID,ITEM_ID,medicine_id,QUANTITY,UNIT_PRICE) values (76,9,9,78,589);
Insert into ORDER_ITEMS (ORDER_ID,ITEM_ID,medicine_id,QUANTITY,UNIT_PRICE) values (87,10,10,96,630);
Insert into ORDER_ITEMS (ORDER_ID,ITEM_ID,medicine_id,QUANTITY,UNIT_PRICE) values (91,10,10,104,760);
Insert into ORDER_ITEMS (ORDER_ID,ITEM_ID,medicine_id,QUANTITY,UNIT_PRICE) values (92,7,7,104,850);
Insert into ORDER_ITEMS (ORDER_ID,ITEM_ID,medicine_id,QUANTITY,UNIT_PRICE) values (93,4,4,113,299);
Insert into ORDER_ITEMS (ORDER_ID,ITEM_ID,medicine_id,QUANTITY,UNIT_PRICE) values (94,8,10,73,58);
Insert into ORDER_ITEMS (ORDER_ID,ITEM_ID,medicine_id,QUANTITY,UNIT_PRICE) values (99,8,10,101,2043);
Insert into ORDER_ITEMS (ORDER_ID,ITEM_ID,medicine_id,QUANTITY,UNIT_PRICE) values (104,6,6,139,2270);
Insert into ORDER_ITEMS (ORDER_ID,ITEM_ID,medicine_id,QUANTITY,UNIT_PRICE) values (1,13,10,121,2000);
Insert into ORDER_ITEMS (ORDER_ID,ITEM_ID,medicine_id,QUANTITY,UNIT_PRICE) values (4,7,7,79,1450);
Insert into ORDER_ITEMS (ORDER_ID,ITEM_ID,medicine_id,QUANTITY,UNIT_PRICE) values (6,6,6,150,750);
Insert into ORDER_ITEMS (ORDER_ID,ITEM_ID,medicine_id,QUANTITY,UNIT_PRICE) values (8,8,10,68,98);
Insert into ORDER_ITEMS (ORDER_ID,ITEM_ID,medicine_id,QUANTITY,UNIT_PRICE) values (9,8,10,132,2117);
Insert into ORDER_ITEMS (ORDER_ID,ITEM_ID,medicine_id,QUANTITY,UNIT_PRICE) values (10,9,9,107,900);
Insert into ORDER_ITEMS (ORDER_ID,ITEM_ID,medicine_id,QUANTITY,UNIT_PRICE) values (14,8,10,64,742);
Insert into ORDER_ITEMS (ORDER_ID,ITEM_ID,medicine_id,QUANTITY,UNIT_PRICE) values (16,9,9,76,128);
Insert into ORDER_ITEMS (ORDER_ID,ITEM_ID,medicine_id,QUANTITY,UNIT_PRICE) values (18,8,10,32,827);
Insert into ORDER_ITEMS (ORDER_ID,ITEM_ID,medicine_id,QUANTITY,UNIT_PRICE) values (19,10,10,93,621);
Insert into ORDER_ITEMS (ORDER_ID,ITEM_ID,medicine_id,QUANTITY,UNIT_PRICE) values (22,13,10,73,865);
Insert into ORDER_ITEMS (ORDER_ID,ITEM_ID,medicine_id,QUANTITY,UNIT_PRICE) values (25,8,2,65,2555);
Insert into ORDER_ITEMS (ORDER_ID,ITEM_ID,medicine_id,QUANTITY,UNIT_PRICE) values (27,13,10,102,827);
Insert into ORDER_ITEMS (ORDER_ID,ITEM_ID,medicine_id,QUANTITY,UNIT_PRICE) values (28,8,10,105,300);
Insert into ORDER_ITEMS (ORDER_ID,ITEM_ID,medicine_id,QUANTITY,UNIT_PRICE) values (29,11,10,52,700);
Insert into ORDER_ITEMS (ORDER_ID,ITEM_ID,medicine_id,QUANTITY,UNIT_PRICE) values (31,6,6,103,383);
Insert into ORDER_ITEMS (ORDER_ID,ITEM_ID,medicine_id,QUANTITY,UNIT_PRICE) values (32,6,6,147,2043);
Insert into ORDER_ITEMS (ORDER_ID,ITEM_ID,medicine_id,QUANTITY,UNIT_PRICE) values (33,8,10,75,705);
Insert into ORDER_ITEMS (ORDER_ID,ITEM_ID,medicine_id,QUANTITY,UNIT_PRICE) values (34,6,6,62,636);
Insert into ORDER_ITEMS (ORDER_ID,ITEM_ID,medicine_id,QUANTITY,UNIT_PRICE) values (35,5,5,41,1450);
Insert into ORDER_ITEMS (ORDER_ID,ITEM_ID,medicine_id,QUANTITY,UNIT_PRICE) values (36,8,10,144,420);
Insert into ORDER_ITEMS (ORDER_ID,ITEM_ID,medicine_id,QUANTITY,UNIT_PRICE) values (39,9,9,125,290);
Insert into ORDER_ITEMS (ORDER_ID,ITEM_ID,medicine_id,QUANTITY,UNIT_PRICE) values (40,11,10,88,1000);
Insert into ORDER_ITEMS (ORDER_ID,ITEM_ID,medicine_id,QUANTITY,UNIT_PRICE) values (41,9,9,61,151);
Insert into ORDER_ITEMS (ORDER_ID,ITEM_ID,medicine_id,QUANTITY,UNIT_PRICE) values (42,7,7,149,66);
Insert into ORDER_ITEMS (ORDER_ID,ITEM_ID,medicine_id,QUANTITY,UNIT_PRICE) values (46,11,10,119,750);
Insert into ORDER_ITEMS (ORDER_ID,ITEM_ID,medicine_id,QUANTITY,UNIT_PRICE) values (51,2,2,64,681);
Insert into ORDER_ITEMS (ORDER_ID,ITEM_ID,medicine_id,QUANTITY,UNIT_PRICE) values (53,4,4,96,1760);
Insert into ORDER_ITEMS (ORDER_ID,ITEM_ID,medicine_id,QUANTITY,UNIT_PRICE) values (58,12,10,148,790);
Insert into ORDER_ITEMS (ORDER_ID,ITEM_ID,medicine_id,QUANTITY,UNIT_PRICE) values (59,9,9,82,1205);
Insert into ORDER_ITEMS (ORDER_ID,ITEM_ID,medicine_id,QUANTITY,UNIT_PRICE) values (64,2,2,52,641);
Insert into ORDER_ITEMS (ORDER_ID,ITEM_ID,medicine_id,QUANTITY,UNIT_PRICE) values (65,6,6,118,1450);
Insert into ORDER_ITEMS (ORDER_ID,ITEM_ID,medicine_id,QUANTITY,UNIT_PRICE) values (66,9,9,90,1319);
Insert into ORDER_ITEMS (ORDER_ID,ITEM_ID,medicine_id,QUANTITY,UNIT_PRICE) values (67,10,10,45,740);
Insert into ORDER_ITEMS (ORDER_ID,ITEM_ID,medicine_id,QUANTITY,UNIT_PRICE) values (68,9,9,84,1760);
Insert into ORDER_ITEMS (ORDER_ID,ITEM_ID,medicine_id,QUANTITY,UNIT_PRICE) values (69,9,9,55,1505);

select * from order_items;
select * from medicine
Insert into INVENTORIES (medicine_id,WAREHOUSE_ID,QUANTITY) values (8,8,2500);
Insert into INVENTORIES (medicine_id,WAREHOUSE_ID,QUANTITY) values (9,9,1500);
Insert into INVENTORIES (medicine_id,WAREHOUSE_ID,QUANTITY) values (10,9,6000);
Insert into INVENTORIES (medicine_id,WAREHOUSE_ID,QUANTITY) values (1,1,5483);
Insert into INVENTORIES (medicine_id,WAREHOUSE_ID,QUANTITY) values (2,2,28613);
Insert into INVENTORIES (medicine_id,WAREHOUSE_ID,QUANTITY) values (3,3,7252);
Insert into INVENTORIES (medicine_id,WAREHOUSE_ID,QUANTITY) values (4,4,14860);
Insert into INVENTORIES (medicine_id,WAREHOUSE_ID,QUANTITY) values (5,5,12969);
Insert into INVENTORIES (medicine_id,WAREHOUSE_ID,QUANTITY) values (6,6,20457);
Insert into INVENTORIES (medicine_id,WAREHOUSE_ID,QUANTITY) values (7,7,9039);

select * from warehouses
select * from orders;

update orders set order_date='2016-11-17' where order_id =105;
update orders set order_date='2017-2-20' where order_id =44;
update orders set order_date='2017-1-3' where order_id =101;
update orders set order_date='2017-10-15' where order_id =1;
update orders set order_date='2017-4-9' where order_id =5;
update orders set order_date='2017-8-15' where order_id =28;
update orders set order_date='2016-12-1' where order_id =87;
update orders set order_date='2015-4-9' where order_id =4;
update orders set order_date='2017-5-11' where order_id =41;
update orders set order_date='2016-12-3' where order_id =82;
update orders set order_date='2016-12-20' where order_id =102;
update orders set order_date='2016-8-16' where order_id =26;
update orders set order_date='2015-5-2' where order_id =43;
update orders set order_date='2016-9-29' where order_id =53;
update orders set order_date='2016-12-13' where order_id =81;
update orders set order_date='2016-12-2' where order_id =83;
update orders set order_date='2016-10-27' where order_id =93;
update orders set order_date='2017-10-27' where order_id =94;
update orders set order_date='2016-12-14' where order_id =79;
update orders set order_date='2016-12-13' where order_id =80;
update orders set order_date='2015-4-26' where order_id =2;
update orders set order_date='2017-4-26' where order_id =3;
update orders set order_date='2015-4-9' where order_id =6;
update orders set order_date='2017-2-15' where order_id =7;
update orders set order_date='2017-2-14' where order_id =8;
update orders set order_date='2017-2-14' where order_id =9;
update orders set order_date='2017-1-24' where order_id =10;
update orders set order_date='2016-11-29' where order_id =11;
update orders set order_date='2016-11-29' where order_id =12;
update orders set order_date='2016-11-29' where order_id =13;
update orders set order_date='2017-9-28' where order_id =14;
update orders set order_date='2017-9-27' where order_id =15;
update orders set order_date='2016-9-27' where order_id =16;
update orders set order_date='2017-9-27' where order_id =17;
update orders set order_date='2016-8-16' where order_id =18;
update orders set order_date='2016-5-27' where order_id =19;
update orders set order_date='2017-5-27' where order_id =20;
update orders set order_date='2017-5-27' where order_id =21;
update orders set order_date='2016-5-26' where order_id =22;
update orders set order_date='2016-9-7' where order_id =23;
update orders set order_date='2016-9-7' where order_id =24;
update orders set order_date='2016-8-24' where order_id =25;
update orders set order_date='2016-8-16' where order_id =27;
update orders set order_date='2017-8-14' where order_id =29;
update orders set order_date='2017-8-12' where order_id =30;
update orders set order_date='2017-8-12' where order_id =31;
update orders set order_date='2017-3-9' where order_id =32;
update orders set order_date='2017-3-7' where order_id =33;
update orders set order_date='2016-6-12' where order_id =34;
update orders set order_date='2016-9-5' where order_id =35;
update orders set order_date='2017-9-5' where order_id =36;
update orders set order_date='2017-2-19' where order_id =37;
update orders set order_date='2015-5-31' where order_id =38;
update orders set order_date='2016-10-22' where order_id =39;
update orders set order_date='2017-5-11' where order_id =40;
update orders set order_date='2015-5-3' where order_id =42;
update orders set order_date='2017-2-20' where order_id =45;
update orders set order_date='2017-2-20' where order_id =46;
update orders set order_date='2016-10-10' where order_id =47;
update orders set order_date='2016-10-10' where order_id =48;
update orders set order_date='2016-10-2' where order_id =49;
update orders set order_date='2016-10-2' where order_id =50;
update orders set order_date='2016-10-2' where order_id =51;
update orders set order_date='2016-10-2' where order_id =52;
update orders set order_date='2016-9-29' where order_id =54;
update orders set order_date='2016-9-29' where order_id =55;
update orders set order_date='2016-9-29' where order_id =56;
update orders set order_date='2017-8-24' where order_id =57;
update orders set order_date='2016-8-24' where order_id =58;
update orders set order_date='2015-6-29' where order_id =59;
update orders set order_date='2017-6-30' where order_id =60;
update orders set order_date='2016-6-30' where order_id =61;
update orders set order_date='2015-6-30' where order_id =62;
update orders set order_date='2016-6-30' where order_id =63;
update orders set order_date='2016-6-21' where order_id =64;
update orders set order_date='2013-6-21' where order_id =65;
update orders set order_date='2016-6-21' where order_id =66;
update orders set order_date='2016-6-14' where order_id =67;
update orders set order_date='2016-6-13' where order_id =68;
update orders set order_date='2017-3-17' where order_id =69;
update orders set order_date='2017-2-21' where order_id =70;
update orders set order_date='2017-2-21' where order_id =71;
update orders set order_date='2016-2-17' where order_id =72;
update orders set order_date='2016-2-17' where order_id =73;
update orders set order_date='2017-2-10' where order_id =74;
update orders set order_date='2017-2-10' where order_id =75;
update orders set order_date='2017-2-10' where order_id =76;
update orders set order_date='2017-1-2' where order_id =77;
update orders set order_date='2015-12-14' where order_id =78;
update orders set order_date='2015-12-1' where order_id =84;
update orders set order_date='2016-12-1' where order_id =85;
update orders set order_date='2016-11-30' where order_id =86;
update orders set order_date='2017-11-1' where order_id =88;
update orders set order_date='2015-10-27' where order_id =89;
update orders set order_date='2015-10-28' where order_id =90;
update orders set order_date='2016-10-28' where order_id =91;
update orders set order_date='2015-10-28' where order_id =92;
update orders set order_date='2016-9-19' where order_id =95;
update orders set order_date='2016-9-14' where order_id =96;
update orders set order_date='2016-7-12' where order_id =97;
update orders set order_date='2017-3-18' where order_id =98;
update orders set order_date='2017-1-7' where order_id =99;
update orders set order_date='2017-1-5' where order_id =100;
update orders set order_date='2016-2-8' where order_id =103;
update orders set order_date='2017-2-1' where order_id =104;

